Program ID,Year 1 Positions,Year 2 Positions,Year 3 Positions,Year 4 Positions,Year 5 Positions,Year 6 Positions,Requires Previous GME,Offers Preliminary Positions,Participates in NRMP Main Match,Main Match Codes,Participates in NRMP Advanced or Fellowship Match,Advanced Match Codes,Latest Application Date 2024-2025,Interview Period START 2024-2025,Interview Period STOP 2024-2025,Earliest Application Date 2025-2026,Latest Application Date 2025-2026,Interview Period START 2025-2026,Interview Period STOP 2025 - 2026,Remote Interview Option,Interviews Last Year,Interview to Position Ratio,Participates in SF Match,Participates in Other Matching Program,Required Letters of Recommendation,Osteopathic Recognition,Step 1 Required,Step 1 Minimum Score,Step 1 Pass Required,Step 2 Required,Step 2 Pass Required,Level 1 Required(DO),Minimum Level 1 Score(DO),Level 1 Pass Required(DO),Level 2 Required(DO),Level 2 Pass Required(DO),PGY1 Med School Grad Recency,PGY1 Experience Requirement During Gap,J - 1 Visa Sponsorship,H - 1B Visa,F - 1 Visa(OPT),Faculty Full Time MD,Faculty Part Time MD,Faculty Full Time Non-MD,Faculty Part Time Non-MD,Total MD Faculty,Total Non - MD Faculty,%FT Female Faculty,Ratio of FT Paid Faculty to Positions,Avg Hours per Week(1stYear),Max Consecutive Hours(1stYear),Avg Off Duty Periods per Week(1stYear),Moonlighting Allowed,Night Float System ,USMD Percentage,IMG Percentage,DO Percentage,Female Residents Percentage,Male Residents Percentage,Call Schedule Year 1,Call Schedule Year 2,Call Schedule Year 3,Call Schedule Year 4,Call Schedule Year 5,Call Schedule Year 6,Beeper or Home Call Year 1,Beeper or Home Call Year 2,Beeper or Home Call Year 3,Beeper or Home Call Year 4,Beeper or Home Call Year 5,Link to Program List
0400321012,6,13,13,14,0,0,1,True,True,1015040C0,True,1015040A0,2023-11-01,2023-10-26,2024-01-12,2023-09-27,2023-11-01,2023-10-26,2024-01-12,True,144,,False,False,3,False,True,,True,True,True,True,False,True,True,True,,Clinical experience in the US or outside the US ,True,False,False,41,0,11,0,41,11,39.00,1.00,55,24,1.50,True,True,61.7,3.3,35.0,26.7,73.3,Every fourth night for 2 months,Every third night for 4 months,Every third night for 4 months,Every third night for 4 months,Not Applicable,Not Applicable,4,4,8,NGO,NGO,
0400331197,5,5,5,0,0,0,1,False,True,3200040A0,True,3200040C0,2023-09-29,2023-11-07,2024-01-16,2024-09-16,2025-01-31,2024-11-01,2025-01-31,True,80,,False,False,3,False,True,,True,True,True,True,False,True,True,True,,Clinical experience in the US,True,True,True,36,0,6,0,36,6,27.80,2.60,50,24,2.00,False,False,100.0,0.0,0.0,35.4,64.6,N/A for 4 months,N/A for 4 months,N/A for 4 months,N/A for None months,Not Applicable,Not Applicable,NGO,NGO,NGO,NGO,NGO,
0400421013,14,14,14,14,0,0,False,False,True,1018040R0,True,1018040C0,2023-12-01,2023-10-15,2023-12-31,2024-09-01,2024-12-01,2024-10-15,2024-12-31,True,100,,False,False,3,False,True,,True,True,True,False,False,True,False,True,1,Clinical experience in the US,True,True,False,44,0,0,0,44,0,43.20,0.80,55,24,2.00,False,True,49.3,35.0,15.6,28.7,71.3,Every fourth night for 3 months,N/A for None months,N/A for None months,N/A for None months,Not Applicable,Not Applicable,0,4,4,NGO,NGO,
0400521019,14,14,14,14,0,0,False,False,True,,False,1030040C0,2023-12-01,2023-10-06,2024-01-26,2024-09-13,2024-12-02,2024-10-07,2025-01-24,True,220,,False,False,3,False,True,,True,False,False,True,False,True,False,False,5,Research or other medical education pursuits (clinical experience not required),True,True,False,110,0,2,0,110,2,31.80,2.00,66,16,1.00,True,True,95.1,2.5,2.5,25.0,75.0,Every fourth night for 12 months,Every fifth night for 12 months,Every fifth night for 12 months,Every sixth night for 12 months,Not Applicable,Not Applicable,NGO,NGO,NGO,NGO,NGO,
0400721028,12,18,18,18,0,0,False,False,True,1076040C0,True,1076040A0,2024-01-17,2023-10-30,2024-01-17,2023-07-07,2024-01-17,2023-10-30,2024-01-17,True,168,,False,False,3,False,True,,True,True,True,True,False,True,True,True,,,True,True,False,146,3,4,0,149,4,45.20,2.20,60,16,1.00,True,True,94.4,0.6,5.0,32.2,67.8,Every fifth night for 3 months,Every fourth night for 2 months,Every fifth night for 3 months,N/A for None months,Not Applicable,Not Applicable,12,16,16,NGO,NGO,
0401621043,16,20,24,21,0,0,False,True,True,1147040C0,True,1147040R0,2023-12-29,2023-10-16,2024-01-22,,,,,False,325,,False,False,3,False,True,,True,True,True,True,False,True,True,True,,,True,True,False,45,0,5,3,45,8,26.70,0.60,57,30,1.00,True,False,43.3,23.5,33.2,31.7,68.3,Every fourth night for 4 months,Every fourth night for 4 months,Every fourth night for 4 months,Every fourth night for 4 months,Not Applicable,Not Applicable,0,NGO,NGO,NGO,NGO,
0401621042,15,23,23,23,0,0,False,True,True,2247040C0,True,2247040A0,2023-10-13,2023-11-06,2024-01-05,,,,,True,200,,False,False,3,False,True,,True,False,False,False,False,False,False,False,3,Research or other medical education pursuits (clinical experience not required),True,True,True,110,2,0,0,112,0,40.90,1.30,54,24,1.80,True,True,100.0,0.0,0.0,47.0,53.0,Every fifth night for 8 months,Every fifth night for 8 months,Every fourth night for 2 months,Every fourth night for 2 months,Not Applicable,Not Applicable,0,0,3,NGO,NGO,
0401621040,8,8,8,8,0,0,False,True,True,2117040R0,True,2117040C0,2023-10-31,2023-11-01,2024-01-31,2024-10-01,2024-10-31,2024-11-01,2025-01-31,True,110,,False,False,3,False,True,225,True,True,True,True,False,True,True,True,3,Clinical experience in the US,True,False,False,25,0,4,0,25,4,36.00,0.80,54,28,1.50,False,False,9.1,75.0,15.9,17.8,82.2,Other for 1 months,Every fifth night for 1 months,Every fifth night for 1 months,Every fifth night for 1 months,Not Applicable,Not Applicable,NGO,NGO,NGO,NGO,NGO,
7262344003,2,2,2,2,2,0,False,False,True,,False,1242726C0,2023-10-31,2023-11-02,2024-01-12,2024-09-06,2024-10-31,2024-11-04,2025-01-16,True,8,,False,False,3,False,True,185,True,False,False,False,False,True,False,True,2,Research or other medical education pursuits (clinical experience not required),True,True,True,133,24,10,1,157,11,39.80,13.80,70,24,1.50,False,True,100.0,0.0,0.0,65.5,34.5,Other for 8 months,Every third night for 2 months,Every third night for 2 months,Every third night for 2 months,Every third night for 4 months,Not Applicable,0,2,2,2,NGO,
7962300001,2,2,2,2,2,2,False,False,True,,False,1242796C0,2023-10-31,2023-10-20,2024-01-12,2024-09-15,2024-10-31,2024-10-25,2025-01-10,True,4,,False,False,3,False,True,,True,False,False,True,False,True,False,True,2,Research or other medical education pursuits (clinical experience not required),True,True,True,212,4,11,3,216,14,44.30,18.10,44,28,2.00,True,False,75.5,19.8,4.8,17.9,82.1,Every third night for 8 months,Every third night for 4 months,Every third night for 4 months,N/A for None months,Every third night for 4 months,N/A for None months,8,4,6,0,NGO,
0401021190,12,12,12,0,0,0,False,False,False,,False,,,,,,,,,False,0,,False,False,0,False,False,,,False,,False,False,,False,,,,False,False,False,0,0,0,0,0,0,,0.00,,,,False,False,100.0,0.0,0.0,8.3,91.7,N/A for None months,N/A for None months,N/A for None months,Not Applicable,Not Applicable,Not Applicable,0,NGO,NGO,NGO,NGO,
0403311195,5,5,5,5,0,0,0,False,True,,False,1380040C0,2023-10-31,2023-11-01,2024-01-31,2024-09-25,2024-10-31,2024-11-01,2025-01-31,True,95,,False,False,3,False,True,232,True,True,True,False,False,True,False,True,1,Clinical experience in the US,True,False,False,41,0,0,0,41,0,31.70,2.00,55,16,2.00,False,True,41.1,19.7,39.2,21.3,78.7,Every fifth night for 12 months,Every fifth night for 12 months,Every fifth night for 12 months,Every fifth night for 12 months,Not Applicable,Not Applicable,0,0,NGO,NGO,NGO,
0403211083,10,10,10,10,0,0,False,False,True,1377040R0,True,1377040C0,2024-01-31,2023-10-01,2024-01-31,2024-10-01,2025-01-31,2024-10-01,2025-01-31,True,131,,False,False,3,False,True,220,True,False,False,False,False,True,False,True,7,Clinical experience in the US or outside the US ,True,False,True,33,0,23,0,33,23,30.30,1.10,60,24,1.90,True,False,87.2,6.4,6.4,26.6,73.4,Every seventh night for 10 months,Every third night for 1 months,Every third night for 1 months,Every sixth night for 12 months,Not Applicable,Not Applicable,0,0,NGO,NGO,NGO,
0403011082,12,12,12,12,0,0,False,True,True,1376040A0,True,1376040C0,2023-12-31,2023-10-01,2024-01-15,2024-08-01,2024-12-01,2024-10-01,2025-01-15,True,150,,False,False,3,False,True,,True,True,True,True,False,True,True,True,,,True,True,False,94,7,1,0,101,1,46.80,2.00,52,28,1.00,True,False,82.9,2.5,14.5,30.8,69.2,Every third night for 4 months,Every third night for 2 months,Every sixth night for 4 months,Every sixth night for 4 months,Not Applicable,Not Applicable,NGO,NGO,NGO,NGO,NGO,
0403521113,11,11,11,11,0,0,False,True,True,,False,1516040C0,2023-10-01,2023-10-01,2024-02-01,2024-09-01,2024-10-01,2024-10-01,2025-02-01,True,150,,False,False,3,False,True,225,True,True,True,True,520,True,True,True,,,True,False,False,30,0,4,0,30,4,33.30,0.70,60,24,2.00,False,True,17.1,35.7,47.2,23.3,76.7,Other for None months,Every sixth night for 2 months,Every third night for 1 months,Every seventh night for 6 months,Not Applicable,Not Applicable,0,8,8,NGO,NGO,
0404221142,3,3,3,3,0,0,False,False,True,,False,1116040C0,2023-11-30,2023-12-15,2024-01-22,2024-09-01,2024-11-30,2024-12-15,2025-01-24,False,15,,False,False,3,False,True,210,True,True,True,False,False,False,False,False,2,Research or other medical education pursuits (clinical experience not required),False,False,False,15,0,0,0,15,0,46.70,1.20,65,16,2.00,False,False,90.9,9.1,0.0,27.3,72.7,Every fourth night for 11 months,Every fourth night for 11 months,Every fifth night for 11 months,Every fifth night for 11 months,Not Applicable,Not Applicable,0,2,2,NGO,NGO,
0404100208,6,6,6,6,0,0,False,False,True,,False,1661040C0,2023-12-01,2023-11-01,2024-01-31,2024-09-30,2024-12-01,2024-11-01,2025-01-31,True,87,,False,False,3,False,True,210,True,False,False,True,500,True,False,False,5,Clinical experience in the US,True,True,False,34,0,5,0,34,5,20.60,1.50,55,24,2.00,False,False,,,,,,Once per week for 4 months,Every sixth night for 6 months,Every sixth night for 8 months,Every sixth night for 8 months,Not Applicable,Not Applicable,6,6,6,NGO,NGO,
0405421161,26,28,28,28,0,0,0,False,True,1918040C1,True,1918040A0,2023-09-27,2023-10-30,2024-01-08,,2023-09-27,2023-10-30,2024-01-08,True,230,,False,False,3,False,True,,True,True,True,False,False,False,False,False,,Clinical experience in the US,True,True,True,124,17,76,5,141,81,35.50,1.50,66,28,1.00,True,True,86.7,7.4,5.9,35.0,65.0,Other for None months,Other for None months,Other for None months,Other for None months,Not Applicable,Not Applicable,NGO,NGO,NGO,NGO,NGO,
0405412162,9,9,9,0,0,0,False,True,True,1756040A0,True,1756040C0,,,,,,,,True,80,,False,False,3,False,True,220,True,True,True,True,False,True,True,True,,,True,False,False,31,0,1,0,31,1,35.50,1.20,52,24,1.00,False,True,72.8,0.0,27.2,21.8,78.2,Every eleventh night or more for 10 months,Every fourth night for 2 months,Every eleventh night or more for 9 months,Every fourth night for 2 months,Not Applicable,Not Applicable,2,2,2,NGO,NGO,
0405011158,6,6,6,6,0,0,False,False,True,,False,1734040C0,2023-12-31,2023-10-25,2024-01-10,2024-09-27,2024-12-31,2024-10-30,2025-01-15,True,103,,False,False,3,False,True,,True,True,True,True,False,True,True,True,5,Research or other medical education pursuits (clinical experience not required),True,False,False,47,0,0,0,47,0,31.90,2.00,60,24,1.50,False,True,79.7,0.0,20.3,25.7,74.3,Every fourth night for 3 months,Every fourth night for 1 months,Every fourth night for 1 months,Every fourth night for 1 months,Not Applicable,Not Applicable,NGO,NGO,NGO,NGO,NGO,
0405511163,9,9,9,9,0,0,False,False,True,,False,1837040C0,2023-12-31,2023-10-18,2024-01-10,2024-09-15,2024-12-31,2024-10-16,2025-01-15,True,160,,False,False,3,False,True,,True,True,True,True,False,True,True,True,7,,True,False,False,54,76,30,27,130,57,33.30,1.90,55,24,1.00,True,False,36.6,22.2,41.1,35.6,64.4,Every fourth night for 12 months,Every sixth night for 12 months,Every sixth night for 12 months,Every sixth night for 12 months,Not Applicable,Not Applicable,NGO,5,2,NGO,NGO,
7265644006,1,1,1,1,1,0,False,False,True,,False,1784726C0,,,,,,,,True,10,,False,False,3,False,True,,True,False,False,False,False,False,False,False,,Research or other medical education pursuits (clinical experience not required),True,True,True,305,32,60,1,337,61,45.20,67.00,55,28,1.50,False,True,58.3,25.0,16.7,16.7,83.3,N/A for None months,Every fourth night for 48 months,Every fourth night for 48 months,Every fifth night for 48 months,Every fifth night for 48 months,Not Applicable,0,NGO,NGO,NGO,NGO,
0405621165,22,22,22,22,0,0,False,False,True,1784040R0,True,1784040C0,2023-11-01,2023-11-01,2024-02-09,2024-06-03,2024-11-01,2024-11-04,2025-02-07,True,160,,False,False,3,False,True,196,True,True,True,False,False,True,False,True,,Research or other medical education pursuits (clinical experience not required),True,True,False,77,3,20,0,80,20,41.60,1.00,60,24,2.00,True,True,74.0,11.1,14.9,32.4,67.6,Every third night for 52 months,Every fourth night for 52 months,Every fourth night for 52 months,Every fifth night for 52 months,Not Applicable,Not Applicable,NGO,NGO,NGO,NGO,NGO,
0405621164,16,16,16,16,0,0,False,False,True,1779040C0,True,1779040A0,2023-12-22,2023-11-02,2024-01-18,2024-09-04,2024-12-20,2024-11-06,2025-01-17,True,206,,False,False,3,False,False,,False,True,True,False,False,False,True,True,3,Clinical experience in the US,True,False,False,66,0,20,0,66,20,27.30,1.20,65,24,1.50,True,True,66.5,5.0,28.5,40.3,59.7,Every fourth night for 1 months,Every fourth night for 1 months,Every fourth night for 1 months,Every fifth night for 1 months,Not Applicable,Not Applicable,2,2,4,NGO,NGO,
0405111160,11,15,15,15,0,0,False,False,True,1743040R0,True,1743040C0,2023-12-31,2023-10-08,2024-01-31,2024-09-30,2024-12-31,2024-10-06,2025-01-31,True,160,,False,False,3,False,True,215,True,True,True,True,550,True,True,True,5,Research or other medical education pursuits (clinical experience not required),True,False,False,55,0,9,0,55,9,29.10,1.10,55,24,2.00,True,False,72.4,7.8,19.9,28.9,71.1,Other for 8 months,Other for 12 months,Other for 12 months,Other for 12 months,Not Applicable,Not Applicable,0,3,1,NGO,NGO,
0405121008,6,6,6,0,0,0,1,False,False,,False,,,,,,,,,False,0,,False,True,0,False,False,,,False,,False,False,,False,,,,False,False,False,21,0,4,0,21,4,14.30,1.30,70,24,2.00,False,False,,,,,,Two times per week for 2 months,Two times per week for 2 months,Other for 1 months,Not Applicable,Not Applicable,Not Applicable,0,NGO,NGO,NGO,NGO,
0405111159,14,18,16,16,0,0,False,False,True,1737040A0,True,1737040C0,2023-10-01,2023-11-01,2024-01-12,2024-08-15,2024-10-01,2024-11-04,2025-01-10,True,200,,False,False,3,False,True,220,True,True,True,False,False,True,False,True,,Clinical experience in the US,True,True,False,63,0,9,0,63,9,39.70,1.10,60,16,1.50,True,True,98.7,0.0,1.3,40.5,59.5,N/A for None months,N/A for None months,N/A for None months,N/A for None months,Not Applicable,Not Applicable,0,3,3,NGO,NGO,
0401100002,12,12,12,12,0,0,False,False,True,,False,1109040c0,2024-01-31,2023-11-01,2024-01-31,2024-09-01,2024-12-31,2024-10-01,2025-01-31,True,180,,False,False,2,False,True,,True,True,True,True,False,True,True,True,,,True,True,True,40,0,0,0,40,0,25.00,0.80,65,16,1.00,False,False,,,,,,Not Applicable,Not Applicable,Not Applicable,Not Applicable,Not Applicable,Not Applicable,NGO,NGO,NGO,NGO,NGO,NGO,
0404931157,5,15,15,15,0,0,0,True,True,1732040C0,True,1732040A0,2023-10-15,2023-11-01,2023-12-31,,,,,True,154,,False,False,3,False,False,,False,True,True,False,False,True,False,True,2,Clinical experience in the US or outside the US ,True,False,False,100,11,0,1,111,1,37.00,2.00,55,16,1.50,False,False,85.5,11.0,3.5,40.0,60.0,Every third night for 4 months,Every third night for 4 months,Every third night for 4 months,Every third night for 4 months,Not Applicable,Not Applicable,NGO,NGO,NGO,NGO,NGO,
0404800002,6,6,6,6,0,0,False,False,True,,False,3626040C0,2023-10-06,2023-10-16,2024-01-19,2024-09-04,2024-10-06,2024-10-16,2025-01-19,True,,,False,False,3,False,True,210,True,True,True,True,500,True,True,True,2,Research or other medical education pursuits (clinical experience not required),True,False,False,15,0,0,0,15,0,33.30,0.60,55,28,2.00,False,False,,,,,,Every third night for 4 months,Every third night for 5 months,Every third night for 4 months,Every third night for 4 months,Not Applicable,Not Applicable,NGO,NGO,NGO,NGO,NGO,
0404821156,12,12,12,12,0,0,False,False,True,1725040R0,True,1725040C0,2024-01-01,2023-10-23,2024-01-08,,,,,True,130,,False,False,3,False,True,210,True,True,True,True,500,True,False,False,,,True,False,False,34,0,4,0,34,4,23.50,0.80,64,16,1.30,True,False,70.2,0.0,29.8,19.8,80.2,N/A for None months,Every fifth night for 12 months,Every seventh night for 12 months,Every eighth night for 12 months,Not Applicable,Not Applicable,NGO,NGO,NGO,NGO,NGO,
0404821155,18,18,18,18,0,0,False,False,True,,False,1722040C0,,2023-10-01,2024-01-31,,,,,True,225,,False,False,3,False,True,,True,True,True,False,False,True,False,True,,,True,False,False,38,3,7,1,41,8,28.90,0.60,65,24,1.00,True,False,68.3,2.1,29.6,25.8,74.2,Other for None months,Every fourth night for 12 months,Every fifth night for 12 months,Every sixth night for 12 months,Not Applicable,Not Applicable,0,6,4,NGO,NGO,
0404811153,4,4,4,4,0,0,False,False,True,,False,2973040C0,2023-10-30,2023-11-15,2024-02-15,2024-07-15,2024-11-15,2024-11-15,2025-02-15,True,55,,False,False,3,False,True,230,True,True,True,True,535,True,True,True,1,Clinical experience in the US,True,False,False,22,0,0,0,22,0,31.80,1.40,55,24,1.00,True,True,47.9,25.0,27.1,20.8,79.2,Other for 1 months,Every eleventh night or more for 12 months,Every eleventh night or more for 12 months,Every eleventh night or more for 12 months,Not Applicable,Not Applicable,13,13,13,NGO,NGO,
0404800001,10,10,10,10,0,0,False,True,True,,False,1167040C0,2023-12-01,2023-10-16,2023-12-31,2024-09-02,2024-12-02,2024-10-14,2024-12-31,True,98,,False,False,3,False,True,,True,True,True,False,False,True,False,True,3,Research or other medical education pursuits (clinical experience not required),True,False,False,110,0,0,0,110,0,27.30,2.80,55,24,1.00,False,True,,,,,,Two times per week for None months,Once per week for None months,Once per week for None months,Once per week for None months,Not Applicable,Not Applicable,NGO,NGO,NGO,NGO,NGO,
0404831152,26,30,30,30,0,0,False,False,True,2923040C0,True,2923040R0,2023-11-15,2023-10-01,2024-01-24,2024-09-28,2024-11-15,2024-10-01,2025-01-25,True,280,,False,False,3,False,True,,True,True,True,False,False,False,True,True,,Clinical experience in the US,True,False,False,105,0,0,0,105,0,52.40,0.90,56,24,1.50,True,False,60.8,9.8,29.4,48.7,51.3,Every sixth night for 12 months,Every sixth night for 12 months,Once per week for 12 months,Once per week for 12 months,Not Applicable,Not Applicable,0,1,1,NGO,NGO,
0404831150,14,20,20,20,0,0,0,False,True,1716040C0,True,1716040A0,2023-10-24,2023-10-24,2023-12-14,2024-09-06,2024-10-22,2024-10-22,2024-12-12,True,132,,False,False,3,False,True,220,True,True,True,True,500,True,True,True,5,Research or other medical education pursuits (clinical experience not required),True,False,False,100,0,0,0,100,0,45.00,1.40,55,16,1.00,True,True,92.8,1.4,5.9,40.5,59.5,Once per week for 8 months,Every fourth night for 8 months,Once per week for 6 months,Every fourth night for 6 months,Not Applicable,Not Applicable,NGO,NGO,NGO,NGO,NGO,
0404811149,20,20,20,20,0,0,False,False,True,1714040R0,True,1714040C0,2023-12-15,2023-10-01,2024-01-31,2024-09-15,2024-12-15,2024-10-01,2025-01-31,True,217,,False,False,3,False,True,220,True,True,True,False,False,True,False,True,10,Clinical experience in the US,True,False,False,52,0,10,0,52,10,32.70,0.70,51,28,2.00,True,True,74.5,3.2,22.2,25.7,74.3,Every fifth night for 1 months,Every fifth night for 1 months,Every fifth night for 1 months,Every fifth night for 1 months,Not Applicable,Not Applicable,0,0,8,NGO,NGO,
0404821091,11,15,15,15,0,0,False,False,False,,False,,,,,2024-05-01,2024-09-15,2024-05-01,2024-10-10,False,75,,False,True,3,False,False,,False,False,False,False,False,False,False,False,,,False,False,False,59,0,4,0,59,4,16.90,1.10,80,24,1.50,False,True,56.1,0.0,43.9,25.5,74.5,Every third night for 1 months,Every third night for 1 months,Every fifth night for None months,Not Applicable,Not Applicable,Not Applicable,4,4,NGO,NGO,NGO,
0404800004,4,4,4,4,0,0,False,False,True,,False,2259040C0,2023-10-01,2023-10-27,2024-01-15,2024-10-01,2024-12-06,2024-10-30,2024-12-27,True,,,False,False,3,False,True,,True,False,False,False,False,False,False,False,2,Research or other medical education pursuits (clinical experience not required),False,False,False,0,0,8,0,0,8,,0.20,74,24,1.00,False,True,,,,,,Every third night for None months,Every third night for None months,Every third night for None months,Every third night for None months,Not Applicable,Not Applicable,NGO,NGO,NGO,NGO,NGO,
0404821147,17,20,23,20,0,0,False,True,True,2835040R0,True,2835040C0,2023-11-30,2023-11-01,2024-01-31,2024-09-15,2024-11-30,2024-11-01,2025-01-31,True,224,,False,False,3,False,True,,True,False,False,False,False,False,False,False,,,False,False,False,212,0,20,0,212,20,44.30,2.80,57,24,1.50,True,False,92.5,2.9,4.6,40.6,59.4,N/A for None months,Every fourth night for 4 months,Every fourth night for 4 months,Every fourth night for 4 months,Not Applicable,Not Applicable,0,8,32,NGO,NGO,
0404711146,21,20,19,18,0,0,False,False,True,,False,1702040C0,2023-09-27,2023-10-20,2023-12-29,2024-09-01,2024-09-30,2024-10-20,2024-12-30,True,200,,False,False,3,False,True,,True,True,True,False,False,True,False,True,1,Research or other medical education pursuits (clinical experience not required),True,False,False,166,23,20,0,189,20,42.20,2.30,65,24,1.00,True,True,93.4,1.4,5.2,64.8,35.2,N/A for None months,Every third night for 4 months,Every third night for 8 months,N/A for None months,Not Applicable,Not Applicable,0,4,6,NGO,NGO,
0404700202,3,3,3,3,0,0,0,False,True,,False,1844040C0,2024-03-01,2023-10-01,2024-01-20,2024-09-01,2025-03-01,2024-10-01,2025-01-15,True,210,,False,False,3,False,True,200,True,True,True,True,490,True,True,True,,Clinical experience in the US or outside the US ,True,False,False,17,0,0,0,17,0,29.40,1.40,60,24,1.00,True,True,19.1,51.7,29.1,11.0,89.0,Two times per week for 1 months,Two times per week for 1 months,Two times per week for 1 months,Two times per week for 1 months,Not Applicable,Not Applicable,0,0,NGO,NGO,NGO,
0404711144,10,10,10,10,0,0,False,False,True,1839530F0,True,1839040C0,2023-09-28,2023-10-30,2023-12-18,2024-09-03,2024-09-26,2024-10-28,2024-12-16,True,143,,False,False,3,False,True,230,True,True,True,False,False,True,False,True,,,True,False,False,37,2,5,0,39,5,18.90,1.00,58,16,1.50,True,True,98.2,0.0,1.8,22.5,77.5,Every fourth night for 1 months,Every fourth night for 1 months,Every fourth night for 1 months,Every fourth night for 2 months,Not Applicable,Not Applicable,NGO,NGO,NGO,NGO,NGO,
0404522143,18,18,18,18,0,0,False,False,True,,False,1680040C0,2023-11-30,2023-10-16,2023-12-22,2024-09-30,2024-11-30,2024-10-21,2024-12-20,False,220,,False,False,3,False,True,240,True,True,True,False,False,True,False,True,3,Clinical experience in the US,False,False,False,61,0,4,0,61,4,34.40,0.90,56,16,2.00,True,False,83.1,1.1,15.8,27.7,72.3,Every sixth night for 12 months,Every sixth night for 12 months,Every sixth night for 12 months,Every sixth night for 12 months,Not Applicable,Not Applicable,4,NGO,NGO,NGO,NGO,
0404300001,20,20,20,0,0,0,1,True,False,,False,1677040A0,,,,2023-09-06,2023-12-31,2023-11-01,2024-01-31,True,387,,False,False,3,False,True,,True,True,True,True,False,True,False,True,,,True,True,False,45,1,4,0,46,4,28.90,0.80,60,24,1.00,True,False,86.3,12.1,1.6,34.1,65.9,Every fourth night for 1 months,Every fourth night for 1 months,Every fourth night for 1 months,Not Applicable,Not Applicable,Not Applicable,NGO,NGO,NGO,NGO,NGO,
0404100207,3,3,3,0,0,0,1,False,False,,True,1664040A0,,,,,,,,True,45,,False,False,3,False,False,,False,False,False,False,False,False,False,False,3,Research or other medical education pursuits (clinical experience not required),True,False,False,10,1,0,0,11,0,20.00,1.10,70,24,1.00,False,False,,,,,,Once per week for 12 months,Two times per week for 12 months,Two times per week for 12 months,Not Applicable,Not Applicable,Not Applicable,0,NGO,NGO,NGO,NGO,
7264144007,1,1,1,1,1,0,False,False,True,,False,1652726C0,2023-09-15,2023-10-26,2024-01-25,,,,,True,12,,False,False,3,False,False,,False,False,False,False,False,True,False,True,5,Clinical experience in the US,True,True,True,739,0,46,0,739,46,55.90,152.40,55,24,2.00,True,True,100.0,0.0,0.0,50.0,50.0,N/A for None months,Every fourth night for 2 months,Every fourth night for 2 months,Every fourth night for 2 months,Every fourth night for 2 months,Not Applicable,2,2,2,2,NGO,
0404132141,7,10,10,11,0,0,1,True,True,1648040C0,True,1648040A0,,,,,,,,True,155,,False,False,3,False,True,210,True,False,False,True,520,True,False,False,,Research or other medical education pursuits (clinical experience not required),True,False,False,56,4,4,0,60,4,26.80,1.50,55,24,2.00,True,True,17.3,29.0,53.7,33.1,66.9,Every fourth night for 3 months,Every fifth night for 3 months,Every fifth night for 3 months,Every fifth night for 3 months,Not Applicable,Not Applicable,0,0,NGO,NGO,NGO,
0404121139,20,20,20,20,0,0,False,True,True,1652040A0,True,1652040C0,2024-01-24,2023-10-26,2024-01-25,2023-09-15,2024-01-24,2023-10-26,2024-01-25,True,210,,False,False,3,False,False,,False,True,True,False,False,True,False,True,5,Clinical experience in the US,True,True,True,211,0,7,0,211,7,27.50,2.70,55,24,2.00,True,False,88.2,6.3,5.4,38.5,61.5,Every fourth night for 2 months,Every fourth night for 2 months,Every fourth night for 2 months,Once per week for 2 months,Not Applicable,Not Applicable,2,2,2,NGO,NGO,
0404131136,8,12,12,12,0,0,0,False,True,1646040C0,True,1646040A0,2023-10-31,2023-10-09,2023-12-22,2023-09-22,2023-10-31,2023-10-09,2023-12-22,True,200,,False,False,3,False,True,,True,True,True,True,False,True,True,True,5,Research or other medical education pursuits (clinical experience not required),True,True,False,58,0,8,0,58,8,36.20,1.40,58,24,1.70,True,True,54.0,21.9,24.1,43.7,56.3,Every fourth night for 4 months,Every fourth night for 4 months,Every fifth night for 5 months,Every fifth night for 5 months,Not Applicable,Not Applicable,0,4,4,NGO,NGO,
0404121137,10,15,15,15,0,0,False,False,True,1630040C0,True,1630040A0,2024-01-26,2023-10-05,2024-01-25,2023-09-27,2025-01-30,2023-10-05,2025-02-27,True,168,,False,False,3,False,False,,False,False,False,False,False,False,False,False,,,True,True,False,52,1,8,0,53,8,30.80,1.00,60,24,1.50,True,True,47.7,3.6,48.7,23.9,76.1,Every fourth night for 8 months,Every fourth night for 8 months,Every fifth night for 10 months,Every fifth night for 8 months,Not Applicable,Not Applicable,0,0,4,NGO,NGO,
0404121134,20,24,26,26,0,0,False,True,True,1628040C0,True,1628040A0,2023-09-30,2023-10-20,2024-01-15,2024-09-07,2024-09-30,2024-10-20,2025-01-15,True,244,,False,False,3,False,True,230,True,True,True,False,False,False,False,False,3,Research or other medical education pursuits (clinical experience not required),True,True,True,107,0,1,0,107,1,32.70,1.10,60,24,1.50,False,True,96.0,0.0,4.0,44.0,56.0,Every fourth night for 6 months,Every sixth night for 12 months,Every fourth night for 4 months,Every sixth night for 12 months,Not Applicable,Not Applicable,0,NGO,NGO,NGO,NGO,
0404100206,2,2,2,3,0,0,False,False,True,,False,2173040C0,2023-11-01,2023-10-16,2024-01-31,2024-09-15,2024-11-01,2024-10-15,2025-01-31,True,65,,False,False,3,True,False,,False,False,False,True,500,True,True,True,2,Clinical experience in the US,False,False,False,4,0,4,0,4,4,50.00,0.70,60,24,2.00,False,True,0.0,0.0,100.0,46.8,53.2,N/A for None months,N/A for None months,N/A for None months,N/A for None months,Not Applicable,Not Applicable,40,48,36,NGO,NGO,
0404111130,16,18,19,19,0,0,False,False,True,,False,1617040C0,2023-12-31,2023-10-18,2024-02-07,2024-09-01,2024-12-31,2024-10-07,2025-02-14,True,240,,False,False,3,False,True,220,True,True,True,True,500,True,True,True,5,Clinical experience in the US or outside the US ,True,False,False,64,5,12,0,69,12,39.10,1.00,65,24,2.00,True,True,50.6,1.0,48.4,32.6,67.4,Other for 4 months,Every fourth night for 4 months,Every fourth night for 4 months,Every fourth night for 4 months,Not Applicable,Not Applicable,2,2,2,NGO,NGO,
0404100205,6,6,6,6,0,0,False,False,True,,False,1608040C0,2023-12-31,2023-10-02,2024-01-31,,,,,True,99,,False,False,3,False,True,220,True,True,True,False,False,True,False,True,2,Research or other medical education pursuits (clinical experience not required),True,True,False,42,0,7,0,42,7,16.70,1.90,65,16,1.80,True,False,51.2,4.3,44.5,27.7,72.3,Two times per week for 8 months,Once per week for 10 months,Two times per week for 4 months,Two times per week for 4 months,Not Applicable,Not Applicable,0,0,NGO,NGO,NGO,
0404021129,14,16,16,16,0,0,False,True,True,1599040C0,True,1599040C3,2023-10-15,2023-10-20,2024-01-13,2024-09-22,2024-10-25,2024-10-21,2025-01-17,True,160,,False,False,3,False,True,200,True,False,False,True,400,True,False,False,,Research or other medical education pursuits (clinical experience not required),True,True,True,106,30,4,1,136,5,45.30,1.70,54,24,1.90,True,False,91.3,0.6,8.1,41.5,58.5,Every fourth night for 1 months,Three times per week for 2 months,Three times per week for 4 months,Three times per week for 2 months,Not Applicable,Not Applicable,0,8,10,NGO,NGO,
0403900129,4,3,2,3,0,0,False,False,True,,False,2162040C0,2023-12-31,2023-11-01,2024-01-31,2025-05-30,,,,True,42,,False,False,3,False,False,,False,False,False,True,500,True,True,True,1,Research or other medical education pursuits (clinical experience not required),False,False,False,8,0,0,0,8,0,25.00,0.70,50,24,1.00,True,False,0.0,2.6,97.4,13.5,86.5,Every third night for 4 months,Every fifth night for None months,Every fifth night for None months,Every fifth night for None months,Not Applicable,Not Applicable,0,7,7,NGO,NGO,
0403921128,12,12,12,12,0,0,False,False,True,,False,1588040C0,,,,,,,,True,180,,False,False,3,False,True,215,True,True,True,False,False,True,False,True,,,True,False,False,53,0,0,0,53,0,35.80,1.10,50,16,2.00,True,True,91.3,0.0,8.7,27.3,72.7,Every eleventh night or more for 12 months,Every fifth night for 12 months,Every fifth night for 12 months,Every sixth night for 12 months,Not Applicable,Not Applicable,0,NGO,NGO,NGO,NGO,
0403800177,3,3,3,3,0,0,False,False,True,,False,1968040C1,2023-10-31,2023-11-01,2024-01-31,2024-09-15,2025-01-31,2024-11-01,2025-01-31,True,45,,False,False,3,True,False,,False,False,False,True,False,True,False,False,2,Clinical experience in the US,True,True,True,12,0,0,0,12,0,50.00,1.00,50,12,2.00,True,False,0.0,0.0,100.0,14.1,85.9,N/A for None months,N/A for None months,N/A for None months,N/A for None months,Not Applicable,Not Applicable,NGO,NGO,NGO,NGO,NGO,
0403821125,4,4,5,5,0,0,False,False,True,,False,1579040C0,2023-11-01,2023-10-16,2024-01-26,2024-09-13,2024-11-08,2024-10-21,2025-01-24,True,70,,False,False,3,False,True,210,True,True,True,False,False,False,False,False,,Research or other medical education pursuits (clinical experience not required),True,False,True,15,0,2,0,15,2,33.30,0.90,60,16,2.00,True,True,62.1,20.6,17.3,15.5,84.5,Every third night for 1 months,Every fourth night for 1 months,Every fourth night for 1 months,Every fourth night for 1 months,Not Applicable,Not Applicable,NGO,NGO,NGO,NGO,NGO,
0403800176,3,3,3,3,0,0,False,False,True,,False,1576040C0,2023-09-29,2023-11-01,2024-01-31,,2024-09-29,2024-11-01,2025-01-31,True,60,,False,False,3,False,False,,False,False,False,True,500,True,True,True,2,Research or other medical education pursuits (clinical experience not required),False,False,False,11,2,0,0,13,0,36.40,0.90,60,12,1.50,True,False,8.8,0.0,91.2,38.4,61.6,N/A for None months,N/A for None months,N/A for None months,N/A for None months,Not Applicable,Not Applicable,NGO,NGO,NGO,NGO,NGO,
0403811123,16,18,18,18,0,0,0,True,True,,False,1566040C0,2023-12-31,2023-10-15,2024-01-31,2024-09-15,2025-01-15,2024-10-15,2025-01-15,True,253,,False,False,3,False,False,,False,False,False,False,False,True,False,True,,Research or other medical education pursuits (clinical experience not required),True,False,False,75,2,12,0,77,12,30.70,1.20,55,16,2.00,True,True,85.4,5.9,8.7,46.9,53.1,Every third night for 2 months,Every fifth night for 2 months,Every third night for 1 months,Every fifth night for 1 months,Not Applicable,Not Applicable,0,2,NGO,NGO,NGO,
0403800175,2,2,2,2,0,0,False,False,True,,False,2122040C0,,,,,,,,True,75,,False,False,3,True,False,,False,False,False,True,475,True,True,True,1,,False,False,False,6,0,0,0,6,0,0.00,0.80,60,24,1.50,True,True,0.0,0.0,100.0,12.5,87.5,Every third night for 3 months,Every seventh night for 11 months,Every third night for 3 months,Every third night for 1 months,Not Applicable,Not Applicable,0,32,32,NGO,NGO,
0403822120,22,22,22,22,0,0,False,False,True,,False,1968040C0,2023-11-30,2023-10-19,2024-01-11,2024-09-28,2024-11-30,2024-10-17,2025-01-09,True,240,,False,False,3,False,True,220,True,False,False,False,False,False,False,False,7,Research or other medical education pursuits (clinical experience not required),True,True,True,160,0,20,0,160,20,34.40,1.90,55,16,1.00,True,False,57.9,10.0,32.1,31.5,68.5,Two times per week for 12 months,Two times per week for 12 months,Two times per week for 12 months,Two times per week for 12 months,Not Applicable,Not Applicable,0,0,0,NGO,NGO,
0403821174,4,8,8,8,0,0,1,False,True,1553040C0,True,1553040A0,2023-11-30,2023-10-01,2023-12-15,2023-09-01,2023-11-30,2023-10-01,2023-12-15,True,165,,False,False,3,False,True,200,True,True,True,False,False,True,False,True,2,Clinical experience in the US,True,True,False,28,0,0,0,28,0,28.60,1.00,60,16,2.00,True,True,10.9,82.3,6.8,17.8,82.2,Every fifth night for None months,Every fifth night for None months,Every fifth night for None months,Every sixth night for None months,Not Applicable,Not Applicable,0,0,NGO,NGO,NGO,
0403821119,16,16,16,16,0,0,False,False,True,1552040C1,False,1552040C0,,2023-10-24,2023-12-07,,,2024-10-29,2024-12-07,True,198,,False,False,3,False,True,220,True,True,True,True,500,True,True,True,,Research or other medical education pursuits (clinical experience not required),True,True,True,49,1,17,0,50,17,42.90,0.90,55,16,1.80,True,False,53.3,17.1,29.6,36.0,64.0,Every third night for 1 months,Every fifth night for 1 months,Every sixth night for 1 months,Every sixth night for 1 months,Not Applicable,Not Applicable,4,4,4,NGO,NGO,
0403821118,10,10,10,10,0,0,False,True,True,,False,1548040C0,2023-12-31,2023-10-11,2024-01-12,2024-09-27,2024-12-31,2024-10-01,2025-01-15,True,179,,False,False,3,False,True,,True,True,True,True,False,True,True,True,,Research or other medical education pursuits (clinical experience not required),True,False,False,79,0,2,0,79,2,31.60,2.00,58,16,1.50,True,True,60.3,0.0,39.7,30.1,69.9,Every fourth night for 12 months,Every seventh night for 12 months,Every seventh night for 12 months,Every seventh night for 12 months,Not Applicable,Not Applicable,0,0,NGO,NGO,NGO,
0403521105,13,13,13,13,0,0,False,False,True,,False,2157040C0,2024-01-12,2023-10-23,2024-01-19,2024-09-30,2025-01-15,2024-10-21,2025-01-24,True,12,,False,False,3,False,True,,True,True,True,False,False,True,False,True,5,Clinical experience in the US or outside the US ,True,True,False,59,1,1,0,60,1,45.80,1.10,58,12,1.50,False,True,61.9,10.3,27.9,44.4,55.6,N/A for None months,Every seventh night for 12 months,Every seventh night for 12 months,Every seventh night for 12 months,Not Applicable,Not Applicable,2,0,NGO,NGO,NGO,
0403511111,19,19,19,19,0,0,False,True,True,1511040R0,True,1511040C0,2024-01-08,2023-10-23,2024-01-22,,,,,True,160,,False,False,3,False,True,210,True,False,False,False,False,False,False,False,,Research or other medical education pursuits (clinical experience not required),True,False,False,80,10,8,4,90,12,30.00,1.10,55,12,1.80,True,True,78.6,10.9,10.4,37.2,62.8,Other for 2 months,Other for 4 months,Other for 4 months,Other for 4 months,Not Applicable,Not Applicable,0,4,4,NGO,NGO,
0403500183,6,6,6,0,0,0,1,False,True,,False,2183040C0,,,,,,,,True,110,,False,False,3,False,True,210,True,True,True,False,False,True,False,True,,,True,False,False,7,0,11,0,7,11,28.60,0.70,55,24,1.50,False,True,47.8,35.8,16.4,22.8,77.2,Every fourth night for 1 months,N/A for None months,N/A for None months,Not Applicable,Not Applicable,Not Applicable,NGO,NGO,NGO,NGO,NGO,NGO,
0403521106,36,36,36,0,0,0,1,False,False,2978040A0,True,2978040R0,2023-12-01,2023-10-16,2024-01-12,2023-09-06,2023-12-01,2023-10-16,2023-12-01,True,563,,False,False,2,False,True,220,True,True,True,False,False,False,False,False,,,True,False,False,99,3,0,0,102,0,29.30,0.90,60,24,1.00,True,True,91.9,5.0,3.1,24.9,75.1,Every fourth night for 2 months,Every fourth night for 2 months,Every fourth night for 2 months,Not Applicable,Not Applicable,Not Applicable,0,NGO,NGO,NGO,NGO,
0403521098,20,22,22,22,0,0,False,False,True,1492040R0,True,1492040C0,2023-09-01,2023-10-23,2024-02-02,2024-09-01,,2024-10-28,2025-01-31,True,250,,False,False,3,False,True,220,True,False,False,False,False,True,False,True,,,True,False,False,74,0,0,0,74,0,47.30,0.90,65,16,1.00,True,False,98.7,1.3,0.0,40.6,59.4,Every fourth night for 7 months,Every fourth night for 4 months,Every fourth night for 4 months,Every fourth night for 2 months,Not Applicable,Not Applicable,NGO,NGO,NGO,NGO,NGO,
0403521104,26,26,26,26,0,0,False,True,True,,False,1490040C0,2023-11-15,2023-10-15,2024-02-10,2024-09-01,2024-11-15,2024-10-15,2025-02-10,True,160,,False,False,4,False,True,,True,True,True,False,False,True,False,True,1,Research or other medical education pursuits (clinical experience not required),True,True,True,99,0,8,0,99,8,24.20,1.00,55,24,1.50,True,True,99.3,0.7,0.0,29.9,70.1,Every fourth night for 1 months,Every fifth night for 1 months,Every sixth night for 1 months,Every seventh night for 1 months,Not Applicable,Not Applicable,0,0,NGO,NGO,NGO,
0403511108,13,15,15,15,0,0,False,False,True,2070040A0,True,2070040C0,2023-12-01,2023-10-01,2023-12-31,2023-09-01,2023-12-01,2023-10-01,2023-12-31,True,240,,False,False,3,False,True,,True,True,True,False,False,True,False,True,,,True,True,True,48,0,0,0,48,0,50.00,0.80,58,24,2.00,True,True,81.5,7.5,10.9,61.6,38.4,Once per week for 1 months,Once per week for 1 months,Every third night for 1 months,Every third night for 1 months,Not Applicable,Not Applicable,0,0,NGO,NGO,NGO,
0403511107,26,26,26,26,0,0,False,False,True,1495040C1,False,1495040C0,2023-11-30,2023-10-20,2024-01-12,2024-09-15,2024-11-30,2024-10-27,2025-01-12,True,380,,False,False,3,False,True,215,True,False,False,False,False,True,False,True,,Research or other medical education pursuits (clinical experience not required),True,False,False,83,5,0,0,88,0,43.40,0.80,55,27,1.50,True,True,100.0,0.0,0.0,46.7,53.3,Every fourth night for 4 months,Every fourth night for 4 months,Every fourth night for 4 months,Every fourth night for 4 months,Not Applicable,Not Applicable,NGO,2,2,NGO,NGO,
0403521093,12,12,13,13,0,0,False,True,True,,False,3099040C0,2024-01-10,2023-10-01,2024-01-15,2024-09-15,2025-01-10,2024-10-01,2025-01-15,True,200,,False,False,3,False,True,220,True,True,True,True,450,True,True,True,2,Research or other medical education pursuits (clinical experience not required),True,True,False,3,0,0,0,3,0,33.30,0.10,60,16,2.00,False,True,39.6,33.3,27.1,22.2,77.8,Every fourth night for 1 months,Every fourth night for 1 months,Every fourth night for 1 months,Every fourth night for 1 months,Not Applicable,Not Applicable,NGO,NGO,NGO,NGO,NGO,
0403511101,11,10,12,11,0,0,False,True,True,,False,1428040C0,2023-10-30,2023-11-14,2024-01-24,2024-09-15,2024-10-30,2024-11-12,2025-01-22,True,175,,False,False,2,False,True,200,True,True,True,True,400,True,True,True,3,Research or other medical education pursuits (clinical experience not required),True,True,True,42,0,0,0,42,0,31.00,1.00,80,24,1.00,False,False,29.3,25.3,45.4,38.3,61.7,Two times per week for 52 months,Two times per week for 52 months,Two times per week for 52 months,Two times per week for 52 months,Not Applicable,Not Applicable,0,NGO,NGO,NGO,NGO,
0403521110,13,17,17,17,0,0,False,True,True,1426040R0,True,1426040A0,2023-12-31,2023-11-01,2024-01-12,2024-10-15,2024-12-31,2024-11-04,2025-01-10,True,170,,False,False,3,False,True,,True,True,True,True,575,True,True,True,5,Clinical experience in the US,True,False,False,45,2,0,0,47,0,37.80,0.70,60,16,1.00,True,True,33.9,26.3,39.9,23.6,76.4,Every fourth night for 12 months,Every fourth night for 4 months,Every fourth night for 4 months,Every fourth night for 4 months,Not Applicable,Not Applicable,0,0,3,NGO,NGO,
0403511102,5,5,5,5,0,0,False,False,False,,False,,,,,2023-05-30,2024-01-31,2023-05-30,2024-01-31,False,,,False,False,,False,True,,True,True,True,True,False,True,True,True,,,True,False,False,0,0,0,0,0,0,,0.00,,,,False,False,4.4,84.7,10.8,50.0,50.0,N/A for None months,N/A for None months,N/A for None months,N/A for None months,Not Applicable,Not Applicable,0,0,NGO,NGO,NGO,
0403521181,11,17,17,17,0,0,0,True,True,3153040C0,True,3153040A0,2023-11-30,2023-11-07,2024-01-11,2024-09-23,2024-11-25,2024-11-05,2025-01-16,True,240,,False,False,4,False,True,225,True,True,True,True,580,True,False,True,5,Research or other medical education pursuits (clinical experience not required),False,True,True,62,0,4,0,62,4,41.90,1.00,60,24,2.00,True,True,88.7,10.7,0.5,34.7,65.3,Every fifth night for 44 months,Every fifth night for 48 months,Every fifth night for 48 months,N/A for None months,Not Applicable,Not Applicable,NGO,4,4,NGO,NGO,
0403500001,6,6,6,0,0,0,1,False,True,,True,1417040A0,2024-10-08,2024-10-23,2025-01-15,2025-09-02,2025-10-03,2025-10-21,2026-01-20,True,0,,False,False,3,False,True,200,True,True,True,False,False,True,False,True,1,"Not applicable, program does not have PGY1 positions",True,True,False,16,0,0,0,16,0,25.00,0.90,60,10,1.00,True,False,,,,,,Every seventh night for 12 months,Every seventh night for 12 months,Every seventh night for 12 months,Not Applicable,Not Applicable,Not Applicable,0,NGO,NGO,NGO,NGO,
0403521167,6,6,6,6,0,0,False,True,True,,False,1414040C0,2023-12-01,2023-09-27,2024-02-21,2024-09-01,2024-12-01,2024-09-25,2025-02-19,True,72,,False,False,3,False,False,,False,True,True,False,False,False,False,False,5,Research or other medical education pursuits (clinical experience not required),False,False,False,52,4,8,0,56,8,46.20,2.30,65,24,1.50,True,True,36.0,13.3,50.7,45.3,54.7,N/A for None months,Every eighth night for 12 months,Every eighth night for 12 months,Every eighth night for 12 months,Not Applicable,Not Applicable,0,0,NGO,NGO,NGO,
0403100001,8,8,8,8,0,0,False,False,True,,False,1884040C0,2023-09-25,2023-10-19,2024-01-04,,,,,True,80,,False,False,3,False,True,,True,True,True,False,False,True,False,True,2,Research or other medical education pursuits (clinical experience not required),False,False,False,3,0,64,0,3,64,33.30,1.10,55,12,2.00,False,True,28.5,14.1,57.4,22.8,77.2,N/A for None months,N/A for None months,N/A for None months,N/A for None months,Not Applicable,Not Applicable,4,4,4,NGO,NGO,
0403421183,6,8,8,8,0,0,False,False,True,1962040A0,True,1962040C0,2023-10-31,2023-11-01,2024-01-15,2024-10-01,2024-10-31,2024-11-01,2025-01-15,True,117,,False,False,3,False,True,210,True,False,False,False,False,True,False,True,,Research or other medical education pursuits (clinical experience not required),True,False,False,51,0,14,0,51,14,35.30,1.90,60,24,1.50,True,False,30.5,40.5,29.0,29.4,70.6,Every fourth night for 20 months,Every sixth night for 11 months,Every sixth night for 11 months,Every sixth night for 11 months,Not Applicable,Not Applicable,0,0,NGO,NGO,NGO,
0403321089,8,8,8,0,0,0,1,False,False,1406040R0,True,1406040A0,2023-09-28,2023-09-28,2024-01-31,2023-09-28,2024-01-31,2023-09-28,2024-01-31,True,109,,False,False,3,False,True,210,True,True,True,True,515,True,True,True,1,Clinical experience in the US,True,True,False,18,0,1,0,18,1,33.30,0.80,65,24,2.00,True,False,36.7,21.1,42.3,43.7,56.3,Every fifth night for 6 months,Every fifth night for 10 months,Every fifth night for 6 months,Not Applicable,Not Applicable,Not Applicable,0,NGO,NGO,NGO,NGO,
0403321087,8,17,13,14,0,0,False,True,True,1398040C0,True,1398040A0,2023-12-01,2023-10-01,2024-01-31,2023-09-01,2023-12-01,2023-10-01,2024-01-31,True,180,,False,False,3,False,True,215,True,True,True,True,500,True,True,True,,Clinical experience in the US or outside the US ,True,False,False,24,5,1,0,29,1,37.50,0.50,64,24,1.50,False,False,53.2,30.9,15.9,36.3,63.7,Every sixth night for 4 months,Every sixth night for 6 months,Every fourth night for 6 months,Every sixth night for 6 months,Not Applicable,Not Applicable,NGO,8,4,NGO,NGO,
0403321180,12,12,12,12,0,0,False,False,False,,True,2918040A0,2023-11-15,2023-10-02,2024-02-15,2024-09-15,2024-11-15,2024-10-01,2025-02-15,True,158,,False,False,3,False,True,,True,True,True,True,500,True,False,False,1,Research or other medical education pursuits (clinical experience not required),True,False,False,38,1,1,0,39,1,23.70,0.80,60,24,1.50,False,True,39.6,39.1,21.3,39.4,60.6,N/A for None months,Every fifth night for 8 months,Every fourth night for 12 months,Every fourth night for 12 months,Not Applicable,Not Applicable,0,NGO,NGO,NGO,NGO,
0403300197,6,6,6,6,0,0,False,False,False,,False,,,,,,,,,False,0,,False,False,0,False,False,,False,False,False,False,False,False,False,False,,,False,False,False,0,0,0,0,0,0,,0.00,0,0,,False,False,,,,,,Not Applicable,Not Applicable,Not Applicable,Not Applicable,Not Applicable,Not Applicable,NGO,NGO,NGO,NGO,NGO,NGO,
0403631115,15,15,15,15,0,0,False,False,True,1529040C1,True,1529040C0,2023-10-15,2023-11-06,2023-12-15,,,,,True,150,,False,False,3,False,True,225,True,False,False,False,False,True,False,False,,,True,True,True,180,0,0,0,180,0,40.00,3.00,50,16,2.00,True,True,96.5,2.9,0.6,45.2,54.8,Every fourth night for 4 months,N/A for None months,N/A for None months,N/A for None months,Not Applicable,Not Applicable,0,4,4,NGO,NGO,
0403621116,14,14,14,14,0,0,False,False,True,,False,1537040C0,2023-11-01,2023-10-18,2024-01-31,2024-09-27,2024-11-01,2024-10-16,2025-01-31,True,146,,False,False,3,False,True,230,True,True,True,True,550,True,True,True,5,Clinical experience in the US,True,False,False,106,0,6,0,106,6,34.90,1.90,59,24,1.70,True,False,87.5,0.0,12.5,22.0,78.0,Other for None months,Every sixth night for 40 months,Every fifth night for 24 months,Every fifth night for 24 months,Not Applicable,Not Applicable,NGO,2,4,NGO,NGO,
0403621114,14,16,16,16,0,0,False,False,True,1900040R0,True,1900040C0,2024-03-15,2023-10-27,2024-01-29,2024-09-01,2025-03-14,2024-10-21,2025-01-27,True,168,,False,False,3,False,True,,True,True,True,False,False,True,False,True,,,True,False,False,74,8,10,0,82,10,37.80,1.30,70,24,1.00,True,True,89.6,3.0,7.3,46.3,53.7,Every fifth night for 12 months,Once per week for 12 months,Two times per week for 12 months,Two times per week for 12 months,Not Applicable,Not Applicable,0,0,2,NGO,NGO,
0402711077,8,10,10,10,0,0,False,False,True,,False,1957040C0,2023-09-29,2023-11-01,2024-01-05,2023-09-15,2024-01-31,2023-11-01,2024-01-06,True,76,,False,False,3,False,True,225,True,True,True,True,False,True,True,True,,Research or other medical education pursuits (clinical experience not required),True,False,False,49,0,2,0,49,2,40.80,1.30,60,24,1.50,False,False,66.1,19.6,14.3,32.1,67.9,N/A for 12 months,N/A for 12 months,N/A for 12 months,N/A for 12 months,Not Applicable,Not Applicable,NGO,NGO,NGO,NGO,NGO,
0402821166,10,10,10,10,0,0,False,False,True,,False,1365040C0,2023-12-01,2023-10-02,2023-12-22,2024-09-13,2024-12-01,2024-10-01,2024-12-20,True,100,,False,False,3,False,True,220,True,True,True,False,False,False,False,False,5,Research or other medical education pursuits (clinical experience not required),True,False,False,22,0,6,0,22,6,50.00,0.60,60,16,1.00,False,True,28.7,0.8,70.4,23.8,76.2,N/A for None months,Every third night for 2 months,Every third night for 2 months,Every third night for 2 months,Not Applicable,Not Applicable,0,16,16,NGO,NGO,
0402811081,22,22,22,22,0,0,False,False,True,1353040C0,True,1353040A0,2023-12-31,2023-10-23,2024-01-15,2024-09-01,2024-12-31,2024-10-23,2025-01-15,True,210,,False,False,3,False,True,,True,True,True,False,False,True,False,True,3,Research or other medical education pursuits (clinical experience not required),True,False,False,138,1,0,0,139,0,39.90,1.60,60,24,1.50,True,False,90.3,6.5,3.3,43.1,56.9,Every third night for 2 months,Every third night for 1 months,Every third night for 2 months,N/A for None months,Not Applicable,Not Applicable,NGO,NGO,NGO,NGO,NGO,
0402812080,8,8,8,8,0,0,False,True,True,,False,1343040C0,2023-12-31,2023-10-26,2024-01-05,2024-09-22,2024-12-31,2024-10-24,2025-01-03,True,110,,False,False,3,False,True,225,True,True,True,False,False,False,False,False,5,Clinical experience in the US,True,False,False,70,1,0,0,71,0,42.90,2.20,70,24,1.00,False,True,42.8,19.4,37.8,25.3,74.7,Every fifth night for 6 months,Every fifth night for 9 months,Every sixth night for 5 months,Every seventh night for 3 months,Not Applicable,Not Applicable,0,0,17,NGO,NGO,
0402811078,5,5,5,5,0,0,False,True,True,1994040R0,True,1994040C0,2023-12-31,2023-10-01,2024-01-01,,,,,True,45,,False,False,3,False,True,220,True,True,True,False,False,True,False,True,5,Clinical experience in the US,False,False,False,35,1,0,0,36,0,31.40,1.80,55,16,1.00,True,True,61.7,9.0,29.3,32.7,67.3,N/A for None months,N/A for None months,N/A for None months,N/A for None months,Not Applicable,Not Applicable,NGO,NGO,NGO,NGO,NGO,
0402621076,18,18,18,0,0,0,False,True,True,1328040C0,True,1328040A0,2023-10-02,2023-10-16,2023-12-22,2024-09-16,2024-10-01,2024-10-14,2024-12-20,True,170,,False,False,3,False,True,200,True,False,False,True,600,True,False,True,,Clinical experience in the US or outside the US ,True,True,True,146,0,22,0,146,22,21.20,2.90,50,24,1.80,True,False,85.2,9.3,5.5,44.0,56.0,Every third night for 1 months,Every third night for 1 months,Every third night for 1 months,Every third night for 1 months,Not Applicable,Not Applicable,NGO,NGO,NGO,NGO,NGO,
0402513202,6,6,6,6,0,0,False,False,True,,False,1978040C0,2023-11-30,2023-10-01,2024-01-31,2024-09-30,2024-11-30,2024-10-01,2025-01-31,True,72,,False,False,3,False,True,190,True,False,False,False,False,False,False,False,,,True,True,True,28,0,1,0,28,1,28.60,1.20,60,16,2.00,False,False,62.5,0.0,37.5,40.3,59.7,Other for 11 months,Other for 11 months,Other for 11 months,Other for 11 months,Not Applicable,Not Applicable,0,0,1,NGO,NGO,
0402500207,3,4,4,3,0,0,False,False,True,,False,1866040C1,2023-12-01,2024-01-10,2024-01-31,2024-10-01,2024-12-01,2025-01-10,2025-01-31,True,36,,False,False,3,False,True,220,True,True,True,True,500,True,True,True,1,Research or other medical education pursuits (clinical experience not required),False,False,False,6,0,1,0,6,1,16.70,0.50,50,24,1.00,True,False,14.5,23.0,62.5,18.6,81.4,Every fourth night for 10 months,N/A for None months,N/A for None months,N/A for None months,Not Applicable,Not Applicable,NGO,NGO,NGO,NGO,NGO,
0402500208,4,4,4,4,0,0,False,False,True,,False,1866040C0,2023-10-15,2023-11-11,2024-01-19,2024-09-04,2024-10-15,2024-11-09,2025-01-18,True,84,,False,False,3,False,True,200,True,True,True,True,475,True,True,True,5,Research or other medical education pursuits (clinical experience not required),False,False,False,10,0,1,0,10,1,40.00,0.70,50,24,2.00,False,False,10.6,0.0,89.4,31.9,68.1,N/A for None months,N/A for None months,N/A for None months,N/A for None months,Not Applicable,Not Applicable,0,NGO,NGO,NGO,NGO,
0402500001,6,6,6,6,0,0,False,False,True,,False,1866040C2,2023-12-01,2023-11-15,2024-01-30,2024-09-15,2024-12-01,2024-11-15,2025-01-30,True,100,,False,False,3,False,False,,False,False,False,True,False,True,False,False,5,,False,False,False,2,0,6,0,2,6,0.00,0.20,55,12,2.00,False,False,,,,,,N/A for None months,N/A for None months,Every eleventh night or more for None months,Every eleventh night or more for None months,Not Applicable,Not Applicable,0,0,12,NGO,NGO,
0402521185,12,12,12,12,0,0,False,True,True,,False,1300040C0,2023-12-01,2023-10-01,2023-12-31,2024-09-01,2024-12-01,2024-10-01,2024-12-31,True,160,,False,False,3,False,True,210,True,True,True,False,False,True,False,True,,,True,True,True,59,0,2,0,59,2,22.00,1.20,70,24,1.50,True,True,30.4,52.0,17.6,35.9,64.1,Every fourth night for 12 months,Other for 6 months,Other for 6 months,Other for 5 months,Not Applicable,Not Applicable,NGO,NGO,NGO,NGO,NGO,
0402521071,30,30,30,30,0,0,False,False,True,,False,1293040C0,2023-12-01,2023-11-07,2024-01-11,2024-09-25,2024-12-01,2024-10-21,2025-01-17,True,250,,False,False,3,False,True,196,True,False,False,False,False,True,False,True,2,Clinical experience in the US or outside the US ,True,False,False,103,19,62,2,122,64,22.30,1.10,54,24,1.80,True,True,91.8,0.0,8.2,38.9,61.1,Every fourth night for 3 months,Every fourth night for 3 months,Every fourth night for 1 months,Every fourth night for 2 months,Not Applicable,Not Applicable,0,0,4,NGO,NGO,
0402211057,8,8,8,8,0,0,False,False,True,,False,1236040C0,2023-11-01,2023-11-01,2024-01-19,2024-09-02,2024-11-01,2024-11-01,2025-01-17,True,110,,False,False,3,False,True,,True,True,True,False,False,True,False,True,,Clinical experience in the US,True,False,False,47,3,3,2,50,5,25.50,1.50,60,16,1.50,True,True,40.7,14.1,45.2,47.0,53.0,Every fourth night for 2 months,Every sixth night for 11 months,Every fifth night for 12 months,Once per week for 11 months,Not Applicable,Not Applicable,0,0,NGO,NGO,NGO,
0402300001,4,4,4,4,0,0,False,False,False,,False,2316040C0,2024-01-10,2023-10-11,2024-01-18,2024-09-25,2025-01-09,2024-10-09,2025-01-16,True,88,,False,False,4,False,False,,False,False,False,False,False,False,False,False,2,,False,False,False,12,0,4,0,12,4,8.30,0.90,60,24,2.00,True,False,,,,,,Two times per week for 3 months,Two times per week for 4 months,Two times per week for 5 months,Two times per week for 4 months,Not Applicable,Not Applicable,0,0,8,NGO,NGO,
0402321058,25,25,25,0,0,0,1,False,False,1242040A0,True,1242040A2,2023-09-27,2023-11-06,2024-01-25,2023-09-06,2023-09-27,2023-11-06,2024-01-25,True,150,,False,False,3,False,False,,False,False,False,False,False,True,False,True,,,True,False,False,181,0,0,0,181,0,47.00,2.40,60,24,1.50,True,True,79.6,6.5,13.9,45.2,54.8,Every third night for 2 months,Every third night for 4 months,Every third night for 4 months,Not Applicable,Not Applicable,Not Applicable,0,4,NGO,NGO,NGO,
0402311059,8,16,16,16,0,0,False,False,True,1252040C0,True,1252040A0,2023-10-31,2023-10-23,2024-01-31,,,,,True,336,,False,False,3,False,True,,True,True,True,True,False,True,True,True,,Clinical experience in the US or outside the US ,True,False,False,67,14,0,0,81,0,44.80,1.20,70,24,1.00,True,True,100.0,0.0,0.0,46.1,53.9,Every fourth night for 1 months,Every fourth night for 1 months,Every fourth night for 1 months,Every fourth night for 1 months,Not Applicable,Not Applicable,0,2,2,NGO,NGO,
0402431070,8,8,9,7,0,0,False,True,True,,False,3050040C0,2023-12-01,2023-11-01,2024-01-17,2024-09-25,2024-12-01,2024-10-30,2025-01-15,True,108,,False,False,3,False,True,200,True,True,True,True,500,True,True,True,5,Research or other medical education pursuits (clinical experience not required),True,False,False,57,62,12,12,119,24,29.80,2.00,60,24,1.00,True,False,30.0,20.0,50.0,27.2,72.8,Two times per week for 8 months,Every fifth night for 10 months,Every fifth night for 9 months,Every fifth night for 8 months,Not Applicable,Not Applicable,0,0,NGO,NGO,NGO,
0402412069,9,9,9,9,0,0,False,True,True,,False,1286040C0,2023-12-31,2023-11-06,2024-01-12,2024-09-15,2024-12-31,2024-11-03,2025-01-10,True,218,,False,False,3,False,True,230,True,True,True,True,545,True,True,True,3,Research or other medical education pursuits (clinical experience not required),True,False,False,42,0,5,1,42,6,26.20,1.20,60,24,2.00,False,False,1.1,40.3,58.6,21.7,78.3,Other for 12 months,Every fifth night for 12 months,Every fifth night for 12 months,Every sixth night for 12 months,Not Applicable,Not Applicable,0,0,NGO,NGO,NGO,
0402400071,8,8,8,8,0,0,False,False,True,,False,3130040C0,2023-12-15,2023-10-25,2024-01-17,2024-09-15,2024-12-15,2024-10-23,2025-01-15,True,150,,False,False,3,False,True,225,True,False,False,False,False,True,False,False,5,Clinical experience in the US or outside the US ,True,False,False,60,0,0,0,60,0,33.30,1.90,65,24,1.00,True,True,87.8,12.2,0.0,29.4,70.6,Two times per week for None months,Two times per week for None months,Two times per week for None months,Two times per week for None months,Not Applicable,Not Applicable,NGO,NGO,NGO,NGO,NGO,NGO,
7262444001,2,2,2,2,2,0,False,False,True,,False,1259726C0,2023-10-31,2023-11-15,2024-01-19,2024-09-15,2024-10-31,2024-11-15,2025-01-20,True,10,,False,False,3,False,False,,False,False,False,False,False,True,False,True,,Clinical experience in the US or outside the US ,True,True,True,719,70,210,20,789,230,48.40,82.40,60,14,1.50,True,True,79.2,9.7,0.0,86.1,13.9,Other for 4 months,Other for 4 months,Other for 4 months,Other for 4 months,Other for 4 months,Not Applicable,0,2,4,4,NGO,
0402431064,29,29,29,29,0,0,False,False,True,1261040C1,True,1261040C0,2023-10-06,2023-10-31,2024-01-09,,,,,True,160,,False,False,3,False,True,,True,False,False,False,False,True,False,True,,,True,True,True,76,0,96,0,76,96,30.30,1.10,64,24,2.10,True,True,90.0,7.3,1.9,45.0,55.0,Other for None months,Every third night for 1 months,Every third night for 1 months,Every third night for 1 months,Not Applicable,Not Applicable,0,3,3,NGO,NGO,
0402421067,6,10,10,10,0,0,False,False,True,1266040C0,True,1266040A0,2023-11-01,2023-11-08,2024-02-01,2023-09-01,2023-11-01,2023-11-08,2024-02-01,True,120,,False,False,3,False,True,210,True,True,True,False,False,True,False,True,5,Research or other medical education pursuits (clinical experience not required),True,False,False,19,0,6,0,19,6,47.40,0.60,59,24,2.00,False,False,17.9,48.6,33.5,23.0,77.0,Two times per week for 12 months,Two times per week for 12 months,Two times per week for 12 months,Not Applicable,Not Applicable,Not Applicable,NGO,NGO,NGO,NGO,NGO,
0402421065,10,10,10,0,0,0,False,True,True,,False,1263040C0,2023-10-31,2023-10-31,2024-01-12,2024-09-25,2024-10-31,2024-10-31,2025-01-11,True,200,,False,False,3,False,True,,True,True,True,True,False,True,True,True,5,Research or other medical education pursuits (clinical experience not required),True,False,True,46,0,3,0,46,3,32.60,1.60,60,24,2.00,False,True,41.1,39.3,19.6,34.0,66.0,Every fifth night for 12 months,Every sixth night for 12 months,Every sixth night for 12 months,Not Applicable,Not Applicable,Not Applicable,NGO,NGO,NGO,NGO,NGO,
0402421062,8,12,11,11,0,0,False,True,True,1257040C0,True,1257040A0,2024-02-10,2023-10-10,2024-02-15,2023-10-01,2024-02-15,2024-10-10,2025-02-15,True,209,,False,False,3,False,True,225,True,True,True,True,700,True,False,True,5,Research or other medical education pursuits (clinical experience not required),True,True,False,34,0,3,0,34,3,26.50,0.80,60,24,1.70,False,False,51.7,45.6,2.7,29.4,70.6,Every fourth night for 4 months,Every fourth night for 2 months,Every fourth night for 2 months,Every fourth night for 2 months,Not Applicable,Not Applicable,NGO,NGO,NGO,NGO,NGO,
0402411060,16,22,22,22,0,0,False,True,True,1256040A0,True,1256040C0,2023-10-30,2023-11-01,2024-01-12,2023-09-01,2023-10-30,2023-11-01,2024-01-12,True,260,,False,False,3,False,True,,True,True,True,False,False,True,False,True,,Research or other medical education pursuits (clinical experience not required),True,True,False,88,0,12,0,88,12,38.60,1.10,55,24,1.50,True,True,80.0,18.4,1.6,44.7,55.3,Every fourth night for 10 months,Every third night for 4 months,Every third night for 4 months,Every sixth night for 11 months,Not Applicable,Not Applicable,NGO,NGO,NGO,NGO,NGO,
0402111056,8,8,8,8,0,0,False,False,True,,False,1232040C0,2024-01-31,2023-09-18,2024-01-31,2024-09-15,2025-01-31,2024-09-15,2025-01-31,True,150,,False,False,3,False,True,225,True,True,True,True,550,True,True,True,,,True,False,False,25,0,0,0,25,0,44.00,0.80,60,16,1.00,True,True,50.0,34.4,15.6,37.5,62.5,N/A for None months,Every fifth night for 48 months,Every fifth night for 48 months,Every fifth night for 48 months,Not Applicable,Not Applicable,0,NGO,NGO,NGO,NGO,
0402131199,7,7,7,7,0,0,False,False,True,,False,1224040C0,2023-09-01,2023-10-01,2024-02-29,2024-09-01,,2024-10-01,2025-02-28,True,110,,False,False,3,False,True,220,True,True,True,False,False,True,False,True,,,True,False,False,21,0,0,0,21,0,28.60,0.80,45,,2.00,False,True,100.0,0.0,0.0,33.0,67.0,N/A for None months,N/A for None months,N/A for None months,N/A for None months,Not Applicable,Not Applicable,NGO,NGO,NGO,NGO,NGO,
0402131168,6,6,6,6,0,0,False,False,True,,False,3073040C0,2023-09-15,2023-11-01,2024-01-31,,,,,True,100,,False,False,3,False,True,215,True,True,True,False,False,True,False,True,,,False,False,False,15,0,4,0,15,4,20.00,0.70,60,16,1.50,True,True,68.2,6.1,25.8,21.2,78.8,N/A for None months,Every fourth night for 1 months,Every fourth night for 1 months,N/A for 12 months,Not Applicable,Not Applicable,NGO,0,8,NGO,NGO,
0402112055,13,13,13,13,0,0,False,False,True,,False,1966040C0,2023-10-01,2023-10-23,2024-01-31,,,,,True,100,,False,False,3,False,False,,False,True,True,False,False,False,False,False,,,True,False,False,54,0,4,0,54,4,42.60,1.10,60,16,1.00,False,True,70.5,19.8,9.8,26.4,73.6,N/A for None months,Every fourth night for 1 months,Every fourth night for 1 months,Every fourth night for 1 months,Not Applicable,Not Applicable,0,NGO,NGO,NGO,NGO,
0402021053,11,11,11,11,0,0,False,True,True,,False,1217040C0,2023-12-15,2023-10-23,2023-12-15,2024-09-25,,,,True,120,,False,False,3,False,True,210,True,True,True,True,450,True,True,True,,,True,False,False,41,0,0,0,41,0,31.70,0.90,48,24,1.80,True,True,72.3,0.0,27.7,24.5,75.5,Every fourth night for 3 months,N/A for None months,Every third night for 2 months,Every third night for 2 months,Not Applicable,Not Applicable,7,NGO,NGO,NGO,NGO,
0402021052,16,15,15,15,0,0,False,False,True,,False,1848040C0,2023-09-27,2023-10-30,2024-01-17,2024-09-03,2024-09-27,,,True,182,,False,False,3,False,True,,True,False,False,True,False,True,False,False,5,Clinical experience in the US,True,False,False,58,1,10,0,59,10,27.60,1.00,55,16,1.50,True,True,62.4,7.6,30.0,28.3,71.7,Every seventh night for 6 months,Every fourth night for 4 months,Every fourth night for 4 months,Every fourth night for 4 months,Not Applicable,Not Applicable,0,0,6,NGO,NGO,
0401922051,5,5,5,5,0,0,False,False,True,,False,3054040C0,,,,,,,,True,84,,False,False,3,False,True,,True,True,True,True,False,True,True,True,2,Research or other medical education pursuits (clinical experience not required),True,False,False,0,1,18,0,1,18,,0.50,60,24,2.00,True,False,43.3,10.0,46.7,23.3,76.7,Every tenth night for 12 months,Every seventh night for 12 months,Every seventh night for 12 months,Every seventh night for 12 months,Not Applicable,Not Applicable,NGO,0,NGO,NGO,NGO,
0401911050,11,11,11,11,0,0,False,False,True,1208040R0,True,1208040C0,,,,,,,,True,125,,False,False,3,False,True,,True,False,False,True,False,True,False,False,,,True,True,False,71,0,6,0,71,6,36.60,1.70,,16,,False,True,65.0,0.0,35.0,38.8,61.2,N/A for None months,Once per week for 11 months,Every eighth night for 8 months,Every tenth night for 7 months,Not Applicable,Not Applicable,4,4,8,NGO,NGO,
0401721048,28,29,27,0,0,0,1,True,True,1187040A0,True,1187040C0,,,,2023-09-27,2024-01-19,2023-10-24,2024-01-23,True,200,,False,False,3,False,True,220,True,True,True,True,550,True,True,True,,Clinical experience in the US or outside the US ,True,False,False,81,2,41,0,83,41,37.00,1.20,54,24,1.80,True,True,57.3,12.1,30.6,19.2,80.8,Every third night for 4 months,Every third night for 8 months,Every third night for 4 months,Every third night for 1 months,Not Applicable,Not Applicable,NGO,NGO,NGO,NGO,NGO,
0401600001,8,8,8,8,0,0,False,False,True,,False,1175040C0,2024-01-14,2023-10-16,,2024-09-28,2025-01-13,2024-10-16,,True,100,,False,False,3,False,True,,True,False,False,True,False,True,False,False,,,False,False,False,0,0,0,0,0,0,,0.00,55,,2.00,True,True,,,,,,N/A for None months,N/A for None months,N/A for None months,N/A for None months,Not Applicable,Not Applicable,NGO,NGO,NGO,NGO,NGO,NGO,
0401611046,13,13,13,13,0,0,False,False,True,,False,1170040C0,2023-11-30,2023-10-15,2024-01-30,2024-10-01,2024-11-30,2024-10-14,2025-01-31,True,180,,False,False,3,False,True,,True,True,True,True,False,True,True,True,2,Clinical experience in the US,True,False,False,41,0,5,0,41,5,33.30,0.90,65,24,1.00,True,True,45.2,14.8,40.0,30.3,69.7,Two times per week for 8 months,Two times per week for 11 months,Two times per week for 11 months,Two times per week for 10 months,Not Applicable,Not Applicable,2,0,2,NGO,NGO,
0401611044,13,18,20,19,0,0,False,True,True,1160040A0,True,1160040C0,2023-11-30,2023-11-06,2024-01-08,2023-10-15,2023-11-30,2023-11-06,2024-01-08,True,240,,False,False,3,False,True,,True,False,False,False,False,True,False,False,10,Research or other medical education pursuits (clinical experience not required),True,True,False,51,3,1,0,54,1,35.30,0.70,60,16,1.50,True,True,90.8,4.6,3.6,34.4,65.6,N/A for None months,Two times per week for 4 months,Two times per week for 4 months,Two times per week for 4 months,Not Applicable,Not Applicable,2,NGO,NGO,NGO,NGO,
0401611041,11,15,13,13,0,0,False,False,True,1150040R0,True,1150040C0,2023-12-01,2023-10-16,2024-01-31,2024-09-01,2024-12-01,2024-10-15,2025-01-31,True,210,,False,False,3,False,True,215,True,False,False,False,False,True,False,False,,,True,False,False,27,0,10,0,27,10,59.30,0.60,65,16,1.50,True,True,79.4,4.4,16.2,28.0,72.0,Once per week for 12 months,Two times per week for 12 months,Two times per week for 12 months,Once per week for 12 months,Not Applicable,Not Applicable,0,10,20,NGO,NGO,
0401821049,15,15,15,15,0,0,False,False,True,,False,1203040C0,2023-12-29,2023-10-30,2024-01-26,2024-09-27,2024-12-30,2024-10-30,2025-01-31,True,170,,False,False,3,False,True,196,True,False,False,False,False,True,False,True,10,Research or other medical education pursuits (clinical experience not required),True,True,False,55,1,16,0,56,16,29.10,1.10,52,24,2.10,False,True,70.4,10.6,19.0,28.5,71.5,Two times per week for 2 months,Two times per week for 1 months,Two times per week for 1 months,Two times per week for 2 months,Not Applicable,Not Applicable,NGO,7,4,NGO,NGO,
0401211038,12,12,12,12,0,0,False,True,True,1985040R0,True,1985040C0,,,,,,,,True,166,,False,False,3,False,True,230,True,True,True,True,560,True,True,True,5,Clinical experience in the US or outside the US ,True,False,False,32,1,2,1,33,3,18.80,0.70,50,16,1.50,False,True,24.3,62.1,13.6,29.0,71.0,Every sixth night for 8 months,Every sixth night for 10 months,Every third night for 8 months,Every third night for 8 months,Not Applicable,Not Applicable,0,4,10,NGO,NGO,
0401221037,12,12,12,12,0,0,False,False,True,,False,1113040C0,2024-01-31,2023-11-28,2024-01-19,,,,,True,155,,False,False,3,False,True,,True,False,False,False,False,False,False,False,,Research or other medical education pursuits (clinical experience not required),True,False,False,145,9,5,0,154,5,48.30,3.10,65,24,2.00,True,True,95.5,3.8,0.7,42.2,57.8,Once per week for 1 months,Two times per week for 4 months,Once per week for 2 months,Once per week for 2 months,Not Applicable,Not Applicable,4,4,12,NGO,NGO,
0401100209,5,5,5,5,0,0,False,False,True,,False,1383040C0,2023-10-31,2023-10-15,2024-02-15,2024-09-01,2024-10-31,2024-10-15,2025-02-15,True,90,,False,False,3,False,True,235,True,True,True,False,False,True,False,True,5,Research or other medical education pursuits (clinical experience not required),True,True,False,31,0,0,0,31,0,29.00,1.60,55,14,1.50,True,True,53.9,22.4,23.7,28.9,71.1,N/A for None months,Every fourth night for 9 months,Every fourth night for 9 months,Every fourth night for 8 months,Not Applicable,Not Applicable,NGO,NGO,NGO,NGO,NGO,
0401100001,6,6,6,6,0,0,False,False,True,,False,2232040C0,,,,,,,,True,0,,False,False,3,False,True,,True,True,True,True,False,True,True,True,2,Research or other medical education pursuits (clinical experience not required),False,False,False,0,0,0,0,0,0,,0.00,,,,False,True,,,,,,N/A for None months,N/A for None months,N/A for None months,N/A for None months,Not Applicable,Not Applicable,NGO,NGO,NGO,NGO,NGO,
0401100215,3,3,3,3,0,0,False,False,True,,False,2085040C0,2024-01-01,2023-10-20,2024-01-12,2023-07-01,2023-12-31,2023-10-23,2024-01-31,True,58,,False,False,3,False,False,,False,False,False,False,False,False,False,False,3,Research or other medical education pursuits (clinical experience not required),True,True,True,40,0,0,0,40,0,50.00,3.30,50,24,1.00,True,False,46.3,20.4,33.3,13.0,87.0,N/A for None months,N/A for None months,N/A for None months,N/A for None months,Not Applicable,Not Applicable,0,0,NGO,NGO,NGO,
0401100212,9,9,9,0,0,0,1,False,False,,True,1587040A0,,,,2023-09-06,2023-11-30,2023-10-12,2023-12-14,True,120,,False,False,3,False,True,215,True,True,True,True,509,True,True,True,2,Clinical experience in the US,True,False,False,0,0,0,0,0,0,,0.00,55,23,1.50,False,True,14.7,46.9,38.4,30.6,69.4,Other for 4 months,Other for 4 months,Other for 4 months,Not Applicable,Not Applicable,Not Applicable,4,4,NGO,NGO,NGO,
0401100205,6,6,6,0,0,0,1,False,False,,True,1105040A0,,,,2023-09-08,2024-02-18,2023-11-19,2024-01-27,False,23,,False,False,3,False,True,225,True,True,True,False,False,True,False,True,5,Clinical experience in the US,True,False,False,14,0,4,0,14,4,14.30,0.90,50,24,2.00,False,True,23.8,57.2,18.9,10.0,90.0,Once per week for 12 months,Once per week for 12 months,Once per week for 12 months,Not Applicable,Not Applicable,Not Applicable,12,12,NGO,NGO,NGO,
0401121036,31,31,31,31,0,0,False,True,True,1104040A0,True,1104040C3,2023-12-30,2023-10-10,2024-01-31,2024-09-01,2024-12-31,,,True,200,,False,False,3,False,True,225,True,True,True,True,False,True,True,True,3,Research or other medical education pursuits (clinical experience not required),True,False,False,111,0,0,0,111,0,35.10,0.90,60,24,2.00,True,False,87.0,7.2,5.8,34.9,65.1,Every fourth night for 9 months,Every fourth night for 10 months,Every fourth night for 10 months,Every fourth night for 9 months,Not Applicable,Not Applicable,NGO,NGO,NGO,NGO,NGO,
0401100206,6,6,6,0,0,0,1,True,True,2232999P2,True,2232040A0,2024-01-01,2023-10-02,2024-02-02,2023-09-15,2024-01-01,2023-10-02,2024-02-02,True,78,,False,False,3,False,True,220,True,True,True,False,False,False,False,False,2,Research or other medical education pursuits (clinical experience not required),True,False,False,42,3,0,0,45,0,33.30,2.30,48,16,2.10,True,True,18.5,52.5,29.0,39.0,61.0,Every fourth night for 8 months,Every fourth night for 8 months,Every fourth night for 8 months,Not Applicable,Not Applicable,Not Applicable,NGO,NGO,NGO,NGO,NGO,
0401113194,6,6,6,0,0,0,1,False,True,,False,1032040C0,2023-11-01,2023-11-01,2024-01-10,2024-10-01,2024-11-01,2024-11-01,2025-01-10,True,90,,False,False,3,False,True,196,True,False,False,False,False,True,False,True,5,Research or other medical education pursuits (clinical experience not required),True,True,True,39,0,4,0,39,4,30.80,2.30,55,19,2.00,True,True,26.5,15.8,57.7,39.3,60.7,Two times per week for 4 months,Two times per week for 4 months,Two times per week for 4 months,Not Applicable,Not Applicable,Not Applicable,0,NGO,NGO,NGO,NGO,
0401112204,4,4,4,4,0,0,False,False,True,,False,1101040C0,2023-10-01,2023-10-25,2024-01-10,2024-09-09,2024-10-26,2024-11-01,2025-01-15,True,90,,False,False,3,False,True,220,True,True,True,True,475,True,True,True,5,Research or other medical education pursuits (clinical experience not required),True,False,False,25,0,4,0,25,4,20.00,1.70,50,24,2.00,True,True,26.1,18.1,55.8,35.0,65.0,Once per week for 5 months,Once per week for 1 months,Once per week for 1 months,Once per week for 1 months,Not Applicable,Not Applicable,0,0,NGO,NGO,NGO,
0401121035,22,25,25,25,0,0,False,True,True,1824040A0,True,1824040C0,2023-12-31,2023-10-19,2024-02-05,2004-09-15,2024-12-31,2024-10-17,2025-02-03,True,225,,False,False,3,False,True,220,True,False,False,True,540,True,False,False,,Clinical experience in the US,True,False,False,67,9,15,1,76,16,31.30,0.80,70,16,1.50,True,True,73.2,10.2,16.6,30.5,69.5,Three times per week for 4 months,Three times per week for 8 months,Three times per week for 8 months,Three times per week for 8 months,Not Applicable,Not Applicable,NGO,NGO,NGO,NGO,NGO,
0401021033,8,10,10,10,0,0,False,False,True,1802040C0,True,1802040A0,,,,,,,,True,135,,False,False,3,False,True,,True,True,True,False,False,True,False,False,,,True,False,False,65,0,0,0,65,0,46.20,1.70,60,16,1.50,True,True,90.9,6.6,2.5,25.5,74.5,Every sixth night for None months,Every sixth night for None months,Every sixth night for None months,N/A for None months,Not Applicable,Not Applicable,NGO,NGO,NGO,NGO,NGO,
0401021032,12,12,12,12,0,0,False,True,True,,False,1801040C0,2023-11-01,2023-10-30,2024-02-01,,,,,True,144,,False,False,4,False,True,200,True,True,True,True,False,True,True,True,,,True,False,False,40,0,3,0,40,3,25.00,0.90,60,24,1.50,False,False,74.2,0.0,25.8,40.3,59.7,Every fifth night for 12 months,Every fifth night for 12 months,Every fifth night for 12 months,N/A for None months,Not Applicable,Not Applicable,0,8,8,NGO,NGO,
0400821030,22,22,22,22,0,0,False,True,True,1089040C0,True,1089040A0,2023-12-31,2023-10-27,2024-01-26,2024-10-01,2024-12-31,2023-10-27,2025-01-31,True,280,,False,False,3,False,False,,False,False,False,False,False,False,False,False,,Research or other medical education pursuits (clinical experience not required),True,True,True,109,0,10,0,109,10,49.50,1.30,65,24,2.00,False,True,93.3,5.8,0.9,41.2,58.8,Every fourth night for 8 months,Every fifth night for 7 months,Every fourth night for 7 months,Every fourth night for 8 months,Not Applicable,Not Applicable,0,1,NGO,NGO,NGO,
0400121010,21,21,21,21,0,0,False,False,True,1007040C1,False,1007040C0,2023-12-01,2023-10-05,2023-12-19,2024-09-26,2024-12-01,2024-10-03,2024-12-19,True,200,,False,False,3,False,False,,False,True,True,False,False,False,True,True,,Research or other medical education pursuits (clinical experience not required),False,True,True,96,3,2,0,99,2,26.00,1.20,48,16,2.10,True,True,92.0,0.0,8.0,19.7,80.3,N/A for None months,Every fourth night for 3 months,Every fourth night for 2 months,Every fourth night for 2 months,Not Applicable,Not Applicable,0,0,8,NGO,NGO,
0400800001,4,4,4,0,0,0,False,False,False,2371040R0,True,2371040A0,2024-01-01,2023-10-30,2024-01-27,2024-09-01,2024-12-31,2024-10-21,2025-01-25,True,0,,False,False,3,False,True,,True,True,True,False,False,False,False,False,1,Clinical experience in the US,True,False,False,0,0,28,0,0,28,,1.20,55,24,1.50,True,True,,,,,,Every third night for 1 months,Every third night for 1 months,Every third night for 1 months,Not Applicable,Not Applicable,Not Applicable,0,NGO,NGO,NGO,NGO,
0400821172,9,13,13,13,0,0,False,True,True,1094040C0,True,1094040A0,2023-09-27,2023-10-28,2024-01-06,2023-09-06,2023-09-27,2023-10-28,2024-01-06,True,130,,False,False,3,False,True,,True,True,True,True,False,True,True,True,5,,True,False,False,142,0,20,0,142,20,21.10,3.20,54,24,1.50,True,False,33.3,8.1,58.6,24.2,75.8,Every fifth night for 12 months,Every fifth night for 12 months,Every fifth night for 12 months,Every fifth night for 12 months,Not Applicable,Not Applicable,0,0,NGO,NGO,NGO,
0400700001,4,4,4,4,0,0,False,False,True,,False,1997040C0,2024-02-10,2023-10-09,2024-02-18,2024-09-16,2025-02-10,,,True,36,,False,False,3,False,True,219,True,True,True,True,510,True,True,True,2,Clinical experience in the US,True,False,False,0,0,0,0,0,0,,0.00,,,,True,False,,,,,,N/A for None months,N/A for None months,N/A for None months,N/A for None months,Not Applicable,Not Applicable,NGO,NGO,NGO,NGO,NGO,NGO,
0400500028,4,4,4,4,0,0,False,False,True,,False,1572040C0,2023-11-01,2023-11-13,2024-01-28,2024-09-09,2024-11-01,2024-11-16,2025-01-25,True,60,,False,False,3,False,True,196,True,True,True,True,400,True,True,True,2,Research or other medical education pursuits (clinical experience not required),True,False,False,5,0,1,0,5,1,0.00,0.30,70,16,1.00,False,True,21.7,0.0,78.3,41.7,58.3,N/A for None months,Every fourth night for 12 months,Every fourth night for 12 months,Every fourth night for 12 months,Not Applicable,Not Applicable,0,NGO,NGO,NGO,NGO,
0400511026,9,9,9,9,0,0,False,False,True,,False,1067040C0,2024-02-01,2023-10-11,2024-02-07,2024-09-02,2025-02-03,2024-10-09,2025-02-04,True,180,,False,False,3,False,True,225,True,True,True,True,False,True,True,True,,,True,False,False,18,0,0,0,18,0,22.20,0.50,60,16,1.30,True,True,91.2,0.0,8.8,23.5,76.5,Once per week for None months,Two times per week for 8 months,Two times per week for 8 months,Two times per week for 8 months,Not Applicable,Not Applicable,0,0,5,NGO,NGO,
0400500030,6,6,6,6,0,0,False,False,True,,False,2161040C0,2023-12-01,,,,,,,True,120,,False,False,3,False,True,196,True,True,True,True,400,True,True,True,2,Research or other medical education pursuits (clinical experience not required),True,False,True,0,0,0,0,0,0,,0.00,,,,True,False,,,,,,N/A for None months,N/A for None months,N/A for None months,N/A for None months,Not Applicable,Not Applicable,0,0,NGO,NGO,NGO,
7260544004,2,2,2,2,2,0,False,False,True,,False,1820726C0,2023-10-31,2023-10-31,2024-01-11,2024-09-06,2024-10-31,2024-10-31,2025-01-11,True,13,,False,False,3,False,True,185,True,True,True,False,False,True,True,True,,Research or other medical education pursuits (clinical experience not required),True,False,False,208,0,0,0,208,0,51.40,20.80,60,24,1.00,True,True,100.0,0.0,0.0,60.7,39.3,N/A for None months,Every fourth night for None months,Every fourth night for None months,Every fourth night for None months,Every fourth night for None months,Not Applicable,0,NGO,NGO,NGO,NGO,
7420544002,4,4,4,4,4,0,False,False,True,,False,1820742C0,2023-10-31,2023-10-31,2024-01-11,2023-09-06,2023-10-31,2023-10-31,2024-01-11,True,7,,False,False,4,False,True,200,True,False,False,False,False,True,False,True,1,Research or other medical education pursuits (clinical experience not required),True,True,False,480,33,58,1,513,59,41.20,25.40,60,16,1.00,False,True,100.0,0.0,0.0,38.0,62.0,Every fourth night for 7 months,Every fourth night for 3 months,Every fourth night for 4 months,Every fourth night for 4 months,Every fourth night for 4 months,Not Applicable,NGO,NGO,NGO,NGO,NGO,
0400521025,24,28,28,28,0,0,False,True,True,1820040C0,True,1820040A0,2023-10-31,2023-10-31,2024-01-11,2024-09-02,2024-10-31,2024-10-29,2025-01-16,True,210,,False,False,3,False,True,200,True,False,False,False,False,True,False,True,1,Research or other medical education pursuits (clinical experience not required),True,True,False,182,15,19,3,197,22,46.20,1.80,60,16,1.00,True,True,100.0,0.0,0.0,46.3,53.7,Every fourth night for 7 months,Every fourth night for 3 months,Every fourth night for 3 months,Every fourth night for 3 months,Not Applicable,Not Applicable,NGO,NGO,NGO,NGO,NGO,
0400521023,10,26,26,26,0,0,False,True,True,1062040C1,True,1062040A0,2023-10-15,2023-11-13,2024-01-31,2024-10-01,2024-10-15,2024-11-11,2025-01-31,True,210,,False,False,3,False,True,201,True,True,True,False,False,True,False,True,,,True,False,False,233,0,0,0,233,0,52.40,2.60,57,16,1.70,True,True,100.0,0.0,0.0,44.3,55.7,Every fourth night for 6 months,Every fourth night for 1 months,Every third night for 1 months,Every third night for 1 months,Not Applicable,Not Applicable,NGO,NGO,NGO,NGO,NGO,
0400521006,6,6,6,0,0,0,1,False,False,,False,,2023-08-31,2023-08-01,2023-10-31,2024-07-01,2024-08-31,2023-08-01,2023-10-31,True,27,,False,True,2,False,True,189,True,True,True,False,False,True,False,True,,,False,False,False,27,0,0,0,27,0,18.50,1.50,66,24,2.00,False,False,,,,,,Two times per week for 4 months,Two times per week for 8 months,Two times per week for 4 months,Not Applicable,Not Applicable,Not Applicable,0,16,NGO,NGO,NGO,
0400521014,14,14,14,14,0,0,False,False,True,,False,1046040C0,2023-11-27,2023-11-13,2024-01-09,2024-10-01,2025-01-20,2024-11-11,2025-01-17,True,195,,False,False,3,False,True,,True,False,False,True,False,True,False,False,,,True,False,False,46,0,5,0,46,5,41.30,0.90,55,24,1.00,False,True,93.3,4.2,2.4,48.5,51.5,Other for None months,Other for None months,Other for None months,Other for None months,Not Applicable,Not Applicable,0,0,NGO,NGO,NGO,
0400500002,10,10,10,10,0,0,False,False,False,1135040R0,True,1135040C0,,,,,,,,True,0,,False,False,3,False,False,,False,True,True,True,False,True,True,True,,,False,False,False,25,1,0,0,26,0,28.00,0.60,50,12,1.50,False,True,,,,,,Once per week for None months,Every tenth night for 10 months,Every eighth night for 12 months,Every eighth night for 12 months,Not Applicable,Not Applicable,NGO,NGO,12,NGO,NGO,
0400521015,12,12,12,12,0,0,False,False,True,,False,1043040C0,2023-11-15,2023-10-02,2023-12-22,2024-09-01,2024-10-15,2024-10-01,2024-12-20,True,178,,False,False,3,False,True,220,True,True,True,False,False,True,False,False,2,Clinical experience in the US,True,False,False,49,3,5,0,52,5,36.70,1.10,55,24,2.00,False,False,95.7,2.8,1.4,19.7,80.3,Once per week for 12 months,Every eleventh night or more for 12 months,Every eleventh night or more for 12 months,Every eleventh night or more for 12 months,Not Applicable,Not Applicable,0,NGO,NGO,NGO,NGO,
0400500027,7,7,7,7,0,0,False,False,True,,False,1850040C0,2023-10-02,2023-11-01,2024-01-31,2024-07-01,2024-10-01,2024-11-01,2025-01-31,True,100,,False,False,3,False,True,225,True,True,True,True,530,True,True,True,5,Research or other medical education pursuits (clinical experience not required),False,False,False,15,0,15,0,15,15,33.30,0.80,65,24,1.00,True,True,6.6,4.9,88.5,27.7,72.3,N/A for None months,Other for None months,Other for None months,Once per week for 10 months,Not Applicable,Not Applicable,0,NGO,NGO,NGO,NGO,
0400521020,27,27,27,27,0,0,False,False,True,,False,1956040C0,2023-12-31,2023-11-01,2024-01-26,2024-10-01,2024-12-31,2024-11-01,2025-01-31,True,141,,False,False,3,False,True,,True,True,True,True,False,True,False,False,6,Research or other medical education pursuits (clinical experience not required),True,True,True,130,45,5,0,175,5,42.30,1.20,55,24,1.50,True,True,98.1,1.3,0.6,40.5,59.5,Every fourth night for 1 months,Every sixth night for 2 months,Every fifth night for 5 months,Every fifth night for 6 months,Not Applicable,Not Applicable,NGO,NGO,NGO,NGO,NGO,
0400521018,18,18,18,18,0,0,False,False,True,,False,1033040C0,2023-12-31,2023-10-24,2024-01-18,,,,,True,220,,False,False,3,False,True,220,True,False,False,False,False,True,False,True,2,Research or other medical education pursuits (clinical experience not required),True,False,False,95,1,0,0,96,0,32.60,1.30,65,24,1.00,True,True,95.8,1.4,2.8,26.9,73.1,Every fourth night for 1 months,Every fourth night for 2 months,Every fourth night for 2 months,Every fourth night for 2 months,Not Applicable,Not Applicable,0,4,4,NGO,NGO,
7420544004,2,2,2,2,2,0,False,False,True,,False,1024742C0,,,,,,,,True,20,,False,False,3,False,True,,True,True,True,False,False,True,False,True,,,True,True,False,50,0,11,0,50,11,42.00,5.50,65,16,1.00,False,True,92.2,0.0,7.8,43.6,56.4,N/A for None months,N/A for None months,N/A for None months,N/A for None months,N/A for None months,Not Applicable,4,4,4,4,NGO,
0400521016,16,16,16,16,0,0,False,False,True,,False,1024040C0,2024-02-01,2023-10-25,2024-01-03,2024-09-18,2025-02-19,2024-10-23,2025-01-08,True,180,,False,False,3,False,True,,True,True,True,False,False,True,False,True,,,True,True,False,50,0,15,0,50,15,40.00,0.90,60,16,1.50,True,True,100.0,0.0,0.0,21.5,78.5,Every fourth night for 7 months,Every seventh night for 3 months,Every fourth night for 5 months,Every seventh night for 8 months,Not Applicable,Not Applicable,0,3,5,NGO,NGO,
0400500001,6,6,6,6,0,0,False,False,True,,False,2264040C0,2024-01-15,2023-10-01,2024-02-01,2024-09-15,2025-01-15,2024-10-01,2025-02-01,True,100,,False,False,2,False,True,,True,True,True,True,False,True,True,True,2,,False,False,False,7,0,0,0,7,0,14.30,0.30,55,12,1.00,False,True,,,,,,N/A for None months,N/A for None months,N/A for None months,N/A for None months,Not Applicable,Not Applicable,0,0,NGO,NGO,NGO,
0400500031,8,8,8,8,0,0,False,False,True,,False,1877040C0,2023-09-30,2023-11-01,2024-01-11,2024-08-01,2024-09-30,2024-11-06,2025-01-16,True,80,,False,False,3,False,True,,True,True,True,True,False,True,True,True,2,,False,False,False,11,0,0,0,11,0,18.20,0.30,70,12,2.00,False,False,36.0,33.1,30.9,36.2,63.8,N/A for None months,N/A for None months,N/A for None months,N/A for None months,Not Applicable,Not Applicable,0,0,NGO,NGO,NGO,
0400521022,16,16,16,0,0,0,1,False,False,,True,1049040A0,,,,,,2023-11-01,2024-01-17,True,120,,False,False,3,False,True,,True,False,False,False,False,True,False,True,,,True,False,False,96,6,4,0,102,4,43.80,2.00,60,24,1.50,True,True,98.5,1.5,0.0,33.5,66.5,Every third night for 1 months,Every third night for 1 months,Every fifth night for 5 months,Not Applicable,Not Applicable,Not Applicable,4,4,NGO,NGO,NGO,
0401612039,9,9,9,9,0,0,False,False,True,,False,1127040C0,2023-09-30,2023-10-07,2024-01-06,2024-06-01,2024-09-30,2024-10-05,2025-01-04,True,100,,False,False,3,False,True,230,True,True,True,True,580,True,True,True,5,Clinical experience in the US or outside the US ,True,True,False,28,0,0,0,28,0,39.30,0.80,62,24,1.30,False,False,1.2,86.6,12.3,16.2,83.8,Every fourth night for 13 months,Every fourth night for 13 months,Every fourth night for 13 months,Every fifth night for 13 months,Not Applicable,Not Applicable,4,4,12,NGO,NGO,
0403300196,4,4,4,4,0,0,False,True,True,1387040C1,False,1387040C0,2023-12-01,2023-10-15,2023-12-22,,,,,True,,,False,False,3,False,True,,True,True,True,True,False,True,True,True,,,False,False,False,0,0,0,0,0,0,,0.00,55,12,,False,True,39.1,18.6,42.3,38.1,61.9,N/A for None months,N/A for None months,N/A for None months,N/A for None months,Not Applicable,Not Applicable,0,0,NGO,NGO,NGO,
0402421066,19,32,32,32,0,0,False,True,True,1265040A0,True,1265040C0,2023-10-01,2023-11-06,2024-01-29,2024-09-01,2024-10-01,2024-11-11,2025-01-27,True,200,,False,False,3,False,True,,True,False,False,False,False,False,False,False,,,True,True,True,135,15,9,7,150,16,41.50,1.20,60,16,1.00,True,True,97.0,1.7,0.0,48.3,51.7,Three times per week for 9 months,Every third night for 2 months,Every third night for 2 months,Every fourth night for 6 months,Not Applicable,Not Applicable,0,0,NGO,NGO,NGO,
0402531073,12,12,12,12,0,0,False,False,True,,False,1295040C0,2023-11-01,2023-11-01,2023-12-20,2024-09-15,2024-11-01,2024-11-01,2024-12-20,True,135,,False,False,3,False,True,240,True,True,True,True,525,True,True,True,1,Clinical experience in the US,True,False,False,50,0,0,0,50,0,20.00,1.00,65,16,1.50,True,True,23.6,36.8,39.6,34.7,65.3,Once per week for 52 months,Once per week for 52 months,Every ninth night for 52 months,Every ninth night for 52 months,Not Applicable,Not Applicable,NGO,NGO,NGO,NGO,NGO,
0402500206,6,6,6,0,0,0,1,False,False,,True,1361040A0,2023-10-20,2023-11-01,2023-12-15,2023-09-15,2023-10-30,2023-10-15,2023-12-15,True,55,,False,False,3,False,False,,False,False,False,False,False,True,False,True,,,True,False,False,10,0,5,1,10,6,20.00,0.70,70,24,1.50,True,True,6.5,70.4,23.1,31.5,68.5,Every fifth night for 12 months,Every fifth night for 12 months,Every fifth night for 12 months,Not Applicable,Not Applicable,Not Applicable,0,NGO,NGO,NGO,NGO,
0403521170,12,12,12,12,0,0,False,True,True,,False,2919040C0,2023-12-31,2023-10-27,2024-01-12,2024-09-20,2024-12-31,2024-10-25,2025-01-17,False,160,,False,False,3,False,True,220,True,True,True,False,False,False,False,False,1,Research or other medical education pursuits (clinical experience not required),False,False,False,63,0,8,0,63,8,27.00,1.40,75,16,2.50,False,True,92.2,0.0,7.8,34.8,65.2,Other for 1 months,Every third night for 1 months,Every third night for 1 months,Every fifth night for 5 months,Not Applicable,Not Applicable,0,8,4,NGO,NGO,
7263644005,1,1,1,1,1,0,False,False,False,,False,,,,,,,,,False,,,False,False,0,False,False,,False,False,False,False,False,True,False,True,,,True,False,False,0,0,0,0,0,0,,0.00,,,,False,False,,,,,,N/A for None months,N/A for None months,N/A for None months,N/A for None months,N/A for None months,Not Applicable,0,0,0,NGO,NGO,
0403500182,6,6,6,6,0,0,False,False,True,,False,1700040C0,2023-12-31,2023-10-30,2024-01-31,2024-09-04,2024-12-31,2024-10-28,2025-01-31,True,180,,False,False,3,False,True,210,True,True,True,False,False,True,False,True,,Research or other medical education pursuits (clinical experience not required),True,True,True,60,5,0,0,65,0,50.00,2.50,55,16,2.00,True,True,77.2,13.4,9.4,37.9,62.1,N/A for None months,Once per week for 12 months,Once per week for 12 months,Once per week for 12 months,Not Applicable,Not Applicable,0,0,NGO,NGO,NGO,
0403500184,5,5,5,5,0,0,0,False,True,,False,1473040C0,2024-01-10,2023-10-10,2024-01-19,2024-09-02,2025-01-13,2024-09-09,2025-01-13,True,,,False,False,2,False,True,230,True,True,True,True,535,True,True,True,,,True,True,False,0,0,0,0,0,0,,0.00,,,,False,False,9.0,91.0,0.0,36.1,63.9,N/A for None months,N/A for None months,N/A for None months,N/A for None months,Not Applicable,Not Applicable,NGO,NGO,NGO,NGO,NGO,NGO,
0402631075,10,10,10,11,0,0,False,True,True,,False,1334040C0,2023-09-15,2023-09-15,2024-01-31,2024-01-01,2024-09-16,2024-10-01,2025-01-31,True,120,,False,False,3,False,True,210,True,False,False,True,False,True,True,True,,,True,True,False,84,0,0,0,84,0,45.20,2.00,65,14,1.70,True,True,63.5,25.6,10.9,26.1,73.9,Every seventh night for 12 months,Every eleventh night or more for 12 months,Every eleventh night or more for 12 months,Every eleventh night or more for 12 months,Not Applicable,Not Applicable,0,6,7,NGO,NGO,
0404500144,6,6,6,6,0,0,False,False,True,,False,1761040C0,2024-01-25,2023-10-26,2024-01-18,2024-09-16,2025-01-23,2024-10-24,2025-01-16,True,60,,False,False,3,False,True,217,True,True,True,True,540,True,True,True,2,Research or other medical education pursuits (clinical experience not required),True,False,False,11,0,0,0,11,0,36.40,0.50,60,16,2.50,False,True,61.3,4.1,34.6,20.7,79.3,N/A for None months,N/A for None months,N/A for None months,N/A for None months,Not Applicable,Not Applicable,NGO,NGO,NGO,NGO,NGO,
0400421013,14,14,14,14,0,0,False,False,True,1018040R0,True,1018040C0,2023-12-01,2023-10-15,2023-12-31,2024-09-01,2024-12-01,2024-10-15,2024-12-31,True,100,,False,False,3,False,True,,True,True,True,False,False,True,False,True,1,Clinical experience in the US,True,True,False,44,0,0,0,44,0,43.20,0.80,55,24,2.00,False,True,49.3,35.0,15.6,28.7,71.3,Every fourth night for 3 months,N/A for None months,N/A for None months,N/A for None months,Not Applicable,Not Applicable,0,4,4,NGO,NGO,
0400521015,12,12,12,12,0,0,False,False,True,,False,1043040C0,2023-11-15,2023-10-02,2023-12-22,2024-09-01,2024-10-15,2024-10-01,2024-12-20,True,178,,False,False,3,False,True,220,True,True,True,False,False,True,False,False,2,Clinical experience in the US,True,False,False,49,3,5,0,52,5,36.70,1.10,55,24,2.00,False,False,95.7,2.8,1.4,19.7,80.3,Once per week for 12 months,Every eleventh night or more for 12 months,Every eleventh night or more for 12 months,Every eleventh night or more for 12 months,Not Applicable,Not Applicable,0,NGO,NGO,NGO,NGO,
0400500027,7,7,7,7,0,0,False,False,True,,False,1850040C0,2023-10-02,2023-11-01,2024-01-31,2024-07-01,2024-10-01,2024-11-01,2025-01-31,True,100,,False,False,3,False,True,225,True,True,True,True,530,True,True,True,5,Research or other medical education pursuits (clinical experience not required),False,False,False,15,0,15,0,15,15,33.30,0.80,65,24,1.00,True,True,6.6,4.9,88.5,27.7,72.3,N/A for None months,Other for None months,Other for None months,Once per week for 10 months,Not Applicable,Not Applicable,0,NGO,NGO,NGO,NGO,
0400521020,27,27,27,27,0,0,False,False,True,,False,1956040C0,2023-12-31,2023-11-01,2024-01-26,2024-10-01,2024-12-31,2024-11-01,2025-01-31,True,141,,False,False,3,False,True,,True,True,True,True,False,True,False,False,6,Research or other medical education pursuits (clinical experience not required),True,True,True,130,45,5,0,175,5,42.30,1.20,55,24,1.50,True,True,98.1,1.3,0.6,40.5,59.5,Every fourth night for 1 months,Every sixth night for 2 months,Every fifth night for 5 months,Every fifth night for 6 months,Not Applicable,Not Applicable,NGO,NGO,NGO,NGO,NGO,
0400721028,12,18,18,18,0,0,False,False,True,1076040C0,True,1076040A0,2024-01-17,2023-10-30,2024-01-17,2023-07-07,2024-01-17,2023-10-30,2024-01-17,True,168,,False,False,3,False,True,,True,True,True,True,False,True,True,True,,,True,True,False,146,3,4,0,149,4,45.20,2.20,60,16,1.00,True,True,94.4,0.6,5.0,32.2,67.8,Every fifth night for 3 months,Every fourth night for 2 months,Every fifth night for 3 months,N/A for None months,Not Applicable,Not Applicable,12,16,16,NGO,NGO,
0400500028,4,4,4,4,0,0,False,False,True,,False,1572040C0,2023-11-01,2023-11-13,2024-01-28,2024-09-09,2024-11-01,2024-11-16,2025-01-25,True,60,,False,False,3,False,True,196,True,True,True,True,400,True,True,True,2,Research or other medical education pursuits (clinical experience not required),True,False,False,5,0,1,0,5,1,0.00,0.30,70,16,1.00,False,True,21.7,0.0,78.3,41.7,58.3,N/A for None months,Every fourth night for 12 months,Every fourth night for 12 months,Every fourth night for 12 months,Not Applicable,Not Applicable,0,NGO,NGO,NGO,NGO,
0400121010,21,21,21,21,0,0,False,False,True,1007040C1,False,1007040C0,2023-12-01,2023-10-05,2023-12-19,2024-09-26,2024-12-01,2024-10-03,2024-12-19,True,200,,False,False,3,False,False,,False,True,True,False,False,False,True,True,,Research or other medical education pursuits (clinical experience not required),False,True,True,96,3,2,0,99,2,26.00,1.20,48,16,2.10,True,True,92.0,0.0,8.0,19.7,80.3,N/A for None months,Every fourth night for 3 months,Every fourth night for 2 months,Every fourth night for 2 months,Not Applicable,Not Applicable,0,0,8,NGO,NGO,
0400511026,9,9,9,9,0,0,False,False,True,,False,1067040C0,2024-02-01,2023-10-11,2024-02-07,2024-09-02,2025-02-03,2024-10-09,2025-02-04,True,180,,False,False,3,False,True,225,True,True,True,True,False,True,True,True,,,True,False,False,18,0,0,0,18,0,22.20,0.50,60,16,1.30,True,True,91.2,0.0,8.8,23.5,76.5,Once per week for None months,Two times per week for 8 months,Two times per week for 8 months,Two times per week for 8 months,Not Applicable,Not Applicable,0,0,5,NGO,NGO,
0400500001,6,6,6,6,0,0,False,False,True,,False,2264040C0,2024-01-15,2023-10-01,2024-02-01,2024-09-15,2025-01-15,2024-10-01,2025-02-01,True,100,,False,False,2,False,True,,True,True,True,True,False,True,True,True,2,,False,False,False,7,0,0,0,7,0,14.30,0.30,55,12,1.00,False,True,,,,,,N/A for None months,N/A for None months,N/A for None months,N/A for None months,Not Applicable,Not Applicable,0,0,NGO,NGO,NGO,
0400500030,6,6,6,6,0,0,False,False,True,,False,2161040C0,2023-12-01,,,,,,,True,120,,False,False,3,False,True,196,True,True,True,True,400,True,True,True,2,Research or other medical education pursuits (clinical experience not required),True,False,True,0,0,0,0,0,0,,0.00,,,,True,False,,,,,,N/A for None months,N/A for None months,N/A for None months,N/A for None months,Not Applicable,Not Applicable,0,0,NGO,NGO,NGO,
7260544004,2,2,2,2,2,0,False,False,True,,False,1820726C0,2023-10-31,2023-10-31,2024-01-11,2024-09-06,2024-10-31,2024-10-31,2025-01-11,True,13,,False,False,3,False,True,185,True,True,True,False,False,True,True,True,,Research or other medical education pursuits (clinical experience not required),True,False,False,208,0,0,0,208,0,51.40,20.80,60,24,1.00,True,True,100.0,0.0,0.0,60.7,39.3,N/A for None months,Every fourth night for None months,Every fourth night for None months,Every fourth night for None months,Every fourth night for None months,Not Applicable,0,NGO,NGO,NGO,NGO,
7420544002,4,4,4,4,4,0,False,False,True,,False,1820742C0,2023-10-31,2023-10-31,2024-01-11,2023-09-06,2023-10-31,2023-10-31,2024-01-11,True,7,,False,False,4,False,True,200,True,False,False,False,False,True,False,True,1,Research or other medical education pursuits (clinical experience not required),True,True,False,480,33,58,1,513,59,41.20,25.40,60,16,1.00,False,True,100.0,0.0,0.0,38.0,62.0,Every fourth night for 7 months,Every fourth night for 3 months,Every fourth night for 4 months,Every fourth night for 4 months,Every fourth night for 4 months,Not Applicable,NGO,NGO,NGO,NGO,NGO,
0400521025,24,28,28,28,0,0,False,True,True,1820040C0,True,1820040A0,2023-10-31,2023-10-31,2024-01-11,2024-09-02,2024-10-31,2024-10-29,2025-01-16,True,210,,False,False,3,False,True,200,True,False,False,False,False,True,False,True,1,Research or other medical education pursuits (clinical experience not required),True,True,False,182,15,19,3,197,22,46.20,1.80,60,16,1.00,True,True,100.0,0.0,0.0,46.3,53.7,Every fourth night for 7 months,Every fourth night for 3 months,Every fourth night for 3 months,Every fourth night for 3 months,Not Applicable,Not Applicable,NGO,NGO,NGO,NGO,NGO,
0400521023,10,26,26,26,0,0,False,True,True,1062040C1,True,1062040A0,2023-10-15,2023-11-13,2024-01-31,2024-10-01,2024-10-15,2024-11-11,2025-01-31,True,210,,False,False,3,False,True,201,True,True,True,False,False,True,False,True,,,True,False,False,233,0,0,0,233,0,52.40,2.60,57,16,1.70,True,True,100.0,0.0,0.0,44.3,55.7,Every fourth night for 6 months,Every fourth night for 1 months,Every third night for 1 months,Every third night for 1 months,Not Applicable,Not Applicable,NGO,NGO,NGO,NGO,NGO,
0400521006,6,6,6,0,0,0,1,False,False,,False,,2023-08-31,2023-08-01,2023-10-31,2024-07-01,2024-08-31,2023-08-01,2023-10-31,True,27,,False,True,2,False,True,189,True,True,True,False,False,True,False,True,,,False,False,False,27,0,0,0,27,0,18.50,1.50,66,24,2.00,False,False,,,,,,Two times per week for 4 months,Two times per week for 8 months,Two times per week for 4 months,Not Applicable,Not Applicable,Not Applicable,0,16,NGO,NGO,NGO,
0400521022,16,16,16,0,0,0,1,False,False,,True,1049040A0,,,,,,2023-11-01,2024-01-17,True,120,,False,False,3,False,True,,True,False,False,False,False,True,False,True,,,True,False,False,96,6,4,0,102,4,43.80,2.00,60,24,1.50,True,True,98.5,1.5,0.0,33.5,66.5,Every third night for 1 months,Every third night for 1 months,Every fifth night for 5 months,Not Applicable,Not Applicable,Not Applicable,4,4,NGO,NGO,NGO,
0400521014,14,14,14,14,0,0,False,False,True,,False,1046040C0,2023-11-27,2023-11-13,2024-01-09,2024-10-01,2025-01-20,2024-11-11,2025-01-17,True,195,,False,False,3,False,True,,True,False,False,True,False,True,False,False,,,True,False,False,46,0,5,0,46,5,41.30,0.90,55,24,1.00,False,True,93.3,4.2,2.4,48.5,51.5,Other for None months,Other for None months,Other for None months,Other for None months,Not Applicable,Not Applicable,0,0,NGO,NGO,NGO,
0400500002,10,10,10,10,0,0,False,False,False,1135040R0,True,1135040C0,,,,,,,,True,0,,False,False,3,False,False,,False,True,True,True,False,True,True,True,,,False,False,False,25,1,0,0,26,0,28.00,0.60,50,12,1.50,False,True,,,,,,Once per week for None months,Every tenth night for 10 months,Every eighth night for 12 months,Every eighth night for 12 months,Not Applicable,Not Applicable,NGO,NGO,12,NGO,NGO,
0400500031,8,8,8,8,0,0,False,False,True,,False,1877040C0,2023-09-30,2023-11-01,2024-01-11,2024-08-01,2024-09-30,2024-11-06,2025-01-16,True,80,,False,False,3,False,True,,True,True,True,True,False,True,True,True,2,,False,False,False,11,0,0,0,11,0,18.20,0.30,70,12,2.00,False,False,36.0,33.1,30.9,36.2,63.8,N/A for None months,N/A for None months,N/A for None months,N/A for None months,Not Applicable,Not Applicable,0,0,NGO,NGO,NGO,
